0.571000 19.120000 2.259000 96.000000 86.000000 51.000000
1.034000 19.121000 2.313000 116.000000 106.000000 71.000000
1.089000 19.123000 2.311000 114.000000 100.000000 71.000000
1.058000 19.123000 2.308000 113.000000 103.000000 68.000000
0.682000 19.121000 2.262000 134.000000 125.000000 96.000000
0.854000 19.122000 2.284000 112.000000 99.000000 67.000000
0.913000 19.121000 2.295000 111.000000 102.000000 63.000000
0.735000 19.121000 2.271000 109.000000 98.000000 66.000000
1.099000 19.124000 2.310000 110.000000 99.000000 67.000000
0.947000 19.122000 2.296000 111.000000 102.000000 63.000000
1.053000 19.122000 2.309000 115.000000 102.000000 67.000000
0.896000 19.121000 2.292000 112.000000 102.000000 66.000000
1.075000 19.121000 2.317000 115.000000 102.000000 70.000000
0.964000 19.122000 2.298000 113.000000 104.000000 63.000000
0.970000 19.121000 2.304000 111.000000 100.000000 68.000000
0.942000 19.121000 2.298000 112.000000 103.000000 64.000000
0.813000 19.122000 2.279000 110.000000 97.000000 63.000000
0.850000 19.121000 2.287000 113.000000 100.000000 66.000000
0.807000 19.122000 2.277000 105.000000 96.000000 63.000000
0.903000 19.121000 2.295000 107.000000 99.000000 62.000000
1.166000 19.124000 2.319000 117.000000 106.000000 74.000000
1.031000 19.122000 2.306000 113.000000 103.000000 68.000000
0.940000 19.122000 2.293000 110.000000 102.000000 65.000000
0.740000 19.121000 2.269000 107.000000 96.000000 66.000000
1.001000 19.121000 2.309000 116.000000 106.000000 71.000000
1.097000 19.122000 2.316000 115.000000 105.000000 70.000000
1.029000 19.123000 2.304000 114.000000 104.000000 68.000000
0.826000 19.122000 2.281000 109.000000 96.000000 64.000000
1.118000 19.123000 2.316000 117.000000 107.000000 72.000000
1.027000 19.122000 2.309000 112.000000 102.000000 67.000000
1.040000 19.122000 2.310000 112.000000 102.000000 67.000000
1.011000 19.123000 2.299000 109.000000 103.000000 69.000000
0.732000 19.122000 2.268000 107.000000 98.000000 69.000000
1.071000 19.123000 2.307000 113.000000 102.000000 70.000000
1.081000 19.121000 2.316000 114.000000 100.000000 71.000000
1.124000 19.122000 2.318000 115.000000 105.000000 70.000000
0.881000 19.122000 2.288000 111.000000 98.000000 64.000000
1.043000 19.121000 2.315000 113.000000 102.000000 70.000000
0.927000 19.132000 2.186000 54.000000 51.000000 36.000000
0.804000 19.125000 2.214000 88.000000 79.000000 48.000000
0.732000 19.124000 2.236000 95.000000 86.000000 57.000000
0.805000 19.122000 2.207000 83.000000 75.000000 54.000000
0.802000 19.127000 2.218000 95.000000 86.000000 53.000000
0.887000 19.128000 2.193000 56.000000 53.000000 38.000000
0.838000 19.124000 2.201000 47.000000 47.000000 35.000000
0.862000 19.128000 2.200000 49.000000 47.000000 34.000000
0.778000 19.121000 2.214000 96.000000 83.000000 51.000000
0.960000 19.133000 2.178000 59.000000 53.000000 37.000000
0.870000 19.121000 2.185000 51.000000 49.000000 36.000000
0.731000 19.120000 2.229000 120.000000 111.000000 80.000000
0.904000 19.123000 2.177000 53.000000 50.000000 35.000000
0.717000 19.122000 2.237000 56.000000 47.000000 18.000000
0.850000 19.128000 2.203000 48.000000 49.000000 35.000000
0.932000 19.128000 2.177000 56.000000 50.000000 36.000000
0.871000 19.130000 2.200000 51.000000 49.000000 36.000000
0.729000 19.124000 2.235000 91.000000 82.000000 53.000000
0.890000 19.121000 2.179000 52.000000 49.000000 34.000000
0.812000 19.123000 2.208000 52.000000 49.000000 32.000000
0.807000 19.122000 2.208000 58.000000 50.000000 29.000000
0.877000 19.122000 2.184000 51.000000 49.000000 36.000000
0.721000 19.120000 2.232000 86.000000 75.000000 45.000000
0.818000 19.120000 2.199000 43.000000 43.000000 33.000000
0.847000 19.122000 2.193000 49.000000 47.000000 35.000000
0.804000 19.122000 2.208000 83.000000 75.000000 54.000000
0.679000 19.121000 2.247000 94.000000 89.000000 70.000000
0.763000 19.120000 2.218000 100.000000 84.000000 58.000000
0.781000 19.122000 2.215000 96.000000 83.000000 51.000000
0.840000 19.125000 2.201000 50.000000 48.000000 36.000000
0.802000 19.123000 2.211000 81.000000 71.000000 44.000000
0.857000 19.124000 2.194000 50.000000 48.000000 35.000000
0.663000 19.122000 2.254000 60.000000 57.000000 42.000000
0.714000 19.120000 2.233000 72.000000 61.000000 31.000000
0.774000 19.122000 2.218000 99.000000 84.000000 55.000000
0.902000 19.124000 2.180000 53.000000 50.000000 35.000000
0.675000 19.120000 2.246000 85.000000 80.000000 61.000000
0.832000 19.127000 2.209000 46.000000 43.000000 36.000000
0.831000 19.122000 2.200000 46.000000 46.000000 34.000000
0.862000 19.122000 2.189000 51.000000 49.000000 36.000000
0.918000 19.128000 2.183000 54.000000 51.000000 36.000000
0.918000 19.123000 2.173000 54.000000 51.000000 36.000000
0.935000 19.124000 2.277000 71.000000 66.000000 46.000000
1.013000 19.129000 2.240000 59.000000 56.000000 37.000000
0.789000 19.124000 2.249000 84.000000 84.000000 74.000000
0.743000 19.123000 2.258000 151.000000 152.000000 138.000000
1.010000 19.126000 2.265000 64.000000 61.000000 42.000000
0.885000 19.126000 2.251000 61.000000 55.000000 39.000000
0.798000 19.126000 2.234000 41.000000 41.000000 33.000000
0.881000 19.131000 2.199000 56.000000 52.000000 40.000000
0.954000 19.130000 2.214000 56.000000 53.000000 38.000000
0.768000 19.124000 2.251000 165.000000 164.000000 159.000000
0.982000 19.130000 2.218000 56.000000 53.000000 38.000000
0.837000 19.124000 2.257000 50.000000 46.000000 34.000000
1.031000 19.127000 2.262000 62.000000 59.000000 40.000000
0.866000 19.128000 2.224000 56.000000 53.000000 38.000000
0.927000 19.131000 2.207000 56.000000 53.000000 38.000000
0.980000 19.128000 2.245000 65.000000 58.000000 42.000000
1.024000 19.125000 2.278000 66.000000 63.000000 46.000000
0.703000 19.123000 2.251000 107.000000 102.000000 80.000000
0.772000 19.124000 2.247000 158.000000 159.000000 151.000000
0.938000 19.127000 2.246000 66.000000 60.000000 44.000000
0.764000 19.125000 2.242000 156.000000 159.000000 140.000000
1.007000 19.131000 2.214000 59.000000 53.000000 39.000000
1.103000 19.124000 2.304000 113.000000 106.000000 78.000000
0.825000 19.128000 2.215000 47.000000 43.000000 32.000000
0.827000 19.125000 2.253000 54.000000 50.000000 38.000000
0.807000 19.126000 2.238000 45.000000 46.000000 40.000000
0.988000 19.124000 2.284000 75.000000 68.000000 50.000000
1.104000 19.126000 2.288000 73.000000 67.000000 51.000000
0.786000 19.122000 2.270000 106.000000 99.000000 71.000000
0.979000 19.133000 2.186000 56.000000 53.000000 38.000000
0.986000 19.127000 2.254000 65.000000 58.000000 42.000000
0.729000 19.122000 2.265000 120.000000 114.000000 88.000000
0.783000 19.126000 2.228000 97.000000 91.000000 67.000000
1.089000 19.128000 2.265000 66.000000 63.000000 46.000000
1.154000 19.125000 2.301000 79.000000 72.000000 54.000000
0.889000 19.128000 2.229000 57.000000 54.000000 39.000000
0.872000 19.129000 2.213000 53.000000 51.000000 38.000000
0.801000 19.126000 2.231000 34.000000 34.000000 22.000000
0.955000 19.131000 2.208000 55.000000 52.000000 37.000000
0.807000 19.126000 2.236000 45.000000 46.000000 38.000000
0.952000 19.125000 2.266000 66.000000 63.000000 46.000000
0.983000 19.126000 2.260000 68.000000 61.000000 43.000000
0.846000 19.123000 2.276000 107.000000 95.000000 69.000000
1.059000 19.127000 2.268000 64.000000 61.000000 44.000000
0.970000 19.133000 2.187000 56.000000 53.000000 38.000000
0.961000 19.129000 2.233000 62.000000 55.000000 39.000000
0.910000 19.129000 2.224000 58.000000 55.000000 40.000000
0.857000 19.123000 2.275000 63.000000 57.000000 33.000000
0.918000 19.125000 2.268000 66.000000 63.000000 46.000000
0.848000 19.127000 2.233000 54.000000 50.000000 38.000000
0.920000 19.123000 2.287000 107.000000 100.000000 71.000000
1.006000 19.125000 2.275000 66.000000 63.000000 44.000000
0.937000 19.125000 2.267000 67.000000 64.000000 47.000000
1.105000 19.128000 2.267000 67.000000 64.000000 47.000000
0.847000 19.128000 2.219000 53.000000 51.000000 39.000000
0.989000 19.130000 2.226000 59.000000 53.000000 37.000000
0.771000 19.125000 2.239000 154.000000 157.000000 140.000000
0.956000 19.123000 2.293000 111.000000 103.000000 67.000000
0.676000 19.122000 2.255000 49.000000 42.000000 23.000000
0.937000 19.127000 2.251000 67.000000 61.000000 45.000000
1.057000 19.129000 2.246000 60.000000 57.000000 40.000000
0.670000 19.122000 2.258000 65.000000 57.000000 34.000000
0.928000 19.123000 2.282000 75.000000 69.000000 43.000000
0.945000 19.131000 2.204000 55.000000 52.000000 37.000000
1.044000 19.124000 2.292000 77.000000 69.000000 46.000000
0.857000 19.124000 2.260000 59.000000 56.000000 41.000000
0.920000 19.127000 2.247000 64.000000 58.000000 42.000000
1.008000 19.124000 2.288000 73.000000 67.000000 41.000000
0.919000 19.124000 2.279000 71.000000 65.000000 41.000000
0.948000 19.123000 2.290000 111.000000 102.000000 69.000000
1.017000 19.124000 2.295000 112.000000 106.000000 74.000000
0.951000 19.132000 2.198000 58.000000 52.000000 36.000000
0.902000 19.130000 2.204000 53.000000 51.000000 38.000000
0.861000 19.127000 2.237000 55.000000 52.000000 37.000000
1.100000 19.128000 2.267000 67.000000 64.000000 47.000000
0.779000 19.123000 2.256000 179.000000 179.000000 171.000000
0.696000 19.122000 2.259000 124.000000 120.000000 95.000000
1.084000 19.126000 2.284000 71.000000 65.000000 49.000000
0.818000 19.123000 2.265000 51.000000 49.000000 34.000000
1.150000 19.125000 2.309000 79.000000 68.000000 46.000000
1.003000 19.132000 2.201000 56.000000 52.000000 40.000000
1.004000 19.126000 2.265000 65.000000 62.000000 43.000000
1.055000 19.130000 2.240000 60.000000 57.000000 40.000000
0.941000 19.129000 2.226000 59.000000 56.000000 39.000000
0.951000 19.129000 2.225000 59.000000 56.000000 39.000000
0.841000 19.124000 2.258000 48.000000 44.000000 32.000000
0.924000 19.124000 2.271000 69.000000 63.000000 47.000000
0.895000 19.126000 2.246000 63.000000 57.000000 41.000000
0.976000 19.126000 2.260000 68.000000 61.000000 43.000000
0.941000 19.130000 2.215000 57.000000 54.000000 39.000000
0.998000 19.130000 2.221000 56.000000 53.000000 38.000000
1.116000 19.124000 2.306000 73.000000 66.000000 40.000000
0.853000 19.128000 2.223000 52.000000 50.000000 37.000000
0.976000 19.126000 2.259000 68.000000 61.000000 43.000000
1.001000 19.132000 2.207000 59.000000 53.000000 41.000000
0.973000 19.130000 2.226000 59.000000 53.000000 37.000000
1.036000 19.124000 2.294000 87.000000 80.000000 52.000000
0.987000 19.132000 2.201000 55.000000 53.000000 40.000000
0.953000 19.127000 2.249000 68.000000 59.000000 44.000000
0.865000 19.125000 2.258000 56.000000 50.000000 36.000000
0.678000 19.122000 2.254000 59.000000 54.000000 32.000000
0.779000 19.123000 2.260000 186.000000 183.000000 174.000000
0.738000 19.122000 2.266000 107.000000 98.000000 69.000000
0.919000 19.131000 2.196000 54.000000 51.000000 36.000000
0.947000 19.127000 2.248000 66.000000 60.000000 44.000000
0.976000 19.126000 2.263000 67.000000 62.000000 43.000000
0.876000 19.130000 2.204000 54.000000 52.000000 39.000000
0.868000 19.126000 2.246000 61.000000 55.000000 39.000000
0.885000 19.126000 2.252000 64.000000 57.000000 39.000000
0.833000 19.128000 2.220000 47.000000 44.000000 35.000000
0.967000 19.127000 2.248000 66.000000 59.000000 43.000000
0.794000 19.124000 2.256000 52.000000 53.000000 45.000000
0.902000 19.130000 2.203000 55.000000 52.000000 37.000000
0.927000 19.132000 2.190000 54.000000 51.000000 36.000000
0.974000 19.124000 2.285000 75.000000 69.000000 45.000000
1.013000 19.127000 2.258000 62.000000 59.000000 42.000000
0.805000 19.127000 2.222000 87.000000 80.000000 51.000000
0.939000 19.131000 2.205000 55.000000 52.000000 37.000000
0.922000 19.132000 2.193000 54.000000 51.000000 36.000000
0.958000 19.124000 2.280000 73.000000 68.000000 48.000000
1.002000 19.132000 2.209000 59.000000 53.000000 41.000000
0.854000 19.123000 2.273000 65.000000 57.000000 36.000000
0.809000 19.126000 2.234000 50.000000 48.000000 36.000000
0.825000 19.124000 2.254000 54.000000 50.000000 38.000000
1.013000 19.132000 2.207000 58.000000 54.000000 42.000000
0.996000 19.132000 2.207000 56.000000 53.000000 38.000000
1.055000 19.127000 2.271000 65.000000 62.000000 45.000000
0.882000 19.128000 2.230000 57.000000 54.000000 39.000000
0.810000 19.123000 2.269000 112.000000 107.000000 85.000000
0.796000 19.123000 2.263000 48.000000 46.000000 31.000000
0.954000 19.124000 2.276000 72.000000 69.000000 50.000000
1.078000 19.128000 2.262000 64.000000 61.000000 44.000000
0.708000 19.122000 2.259000 129.000000 127.000000 106.000000
0.972000 19.130000 2.219000 57.000000 54.000000 39.000000
1.060000 19.124000 2.303000 115.000000 105.000000 70.000000
0.986000 19.129000 2.230000 62.000000 56.000000 40.000000
0.991000 19.125000 2.274000 68.000000 65.000000 48.000000
0.760000 19.123000 2.254000 147.000000 152.000000 145.000000
0.989000 19.131000 2.215000 56.000000 53.000000 38.000000
0.935000 19.131000 2.200000 57.000000 51.000000 37.000000
0.954000 19.124000 2.280000 73.000000 68.000000 48.000000
1.076000 19.128000 2.257000 63.000000 60.000000 43.000000
0.960000 19.131000 2.212000 56.000000 53.000000 38.000000
0.795000 19.126000 2.229000 45.000000 42.000000 23.000000
0.960000 19.128000 2.238000 64.000000 57.000000 41.000000
1.153000 19.124000 2.314000 117.000000 103.000000 74.000000
0.910000 19.123000 2.282000 106.000000 100.000000 74.000000
0.996000 19.129000 2.235000 62.000000 55.000000 39.000000
1.167000 19.125000 2.308000 74.000000 68.000000 44.000000
1.074000 19.127000 2.266000 65.000000 62.000000 45.000000
0.864000 19.126000 2.245000 59.000000 53.000000 39.000000
1.135000 19.125000 2.307000 117.000000 107.000000 82.000000
0.808000 19.123000 2.269000 49.000000 45.000000 20.000000
0.819000 19.125000 2.242000 52.000000 50.000000 38.000000
0.918000 19.129000 2.217000 58.000000 55.000000 40.000000
0.940000 19.130000 2.213000 57.000000 54.000000 39.000000
0.997000 19.130000 2.221000 56.000000 53.000000 38.000000
0.829000 19.125000 2.244000 51.000000 49.000000 37.000000
0.892000 19.128000 2.232000 58.000000 55.000000 40.000000
0.944000 19.124000 2.276000 71.000000 66.000000 46.000000
0.882000 19.128000 2.226000 55.000000 52.000000 37.000000
0.972000 19.134000 2.183000 57.000000 54.000000 39.000000
0.900000 19.131000 2.195000 54.000000 51.000000 36.000000
0.953000 19.127000 2.244000 65.000000 59.000000 43.000000
0.979000 19.127000 2.253000 66.000000 59.000000 43.000000
0.812000 19.126000 2.231000 51.000000 49.000000 36.000000
1.019000 19.124000 2.295000 112.000000 106.000000 74.000000
0.971000 19.127000 2.248000 66.000000 59.000000 43.000000
1.139000 19.125000 2.305000 76.000000 68.000000 49.000000
0.919000 19.125000 2.262000 65.000000 62.000000 45.000000
0.902000 19.123000 2.282000 110.000000 101.000000 70.000000
1.065000 19.124000 2.305000 115.000000 104.000000 72.000000
0.959000 19.126000 2.262000 68.000000 63.000000 44.000000
1.054000 19.125000 2.288000 72.000000 67.000000 47.000000
0.912000 19.126000 2.258000 64.000000 61.000000 42.000000
0.944000 19.126000 2.262000 66.000000 63.000000 46.000000
1.076000 19.126000 2.283000 70.000000 65.000000 46.000000
0.988000 19.127000 2.259000 67.000000 60.000000 42.000000
0.822000 19.126000 2.232000 50.000000 48.000000 36.000000
0.816000 19.128000 2.218000 50.000000 47.000000 32.000000
0.883000 19.127000 2.240000 61.000000 55.000000 41.000000
0.971000 19.130000 2.221000 57.000000 54.000000 39.000000
0.877000 19.126000 2.247000 60.000000 54.000000 38.000000
1.076000 19.127000 2.276000 65.000000 62.000000 45.000000
0.953000 19.124000 2.278000 72.000000 69.000000 50.000000
1.033000 19.128000 2.251000 61.000000 58.000000 43.000000
1.082000 19.127000 2.273000 66.000000 63.000000 46.000000
1.069000 19.128000 2.262000 63.000000 60.000000 43.000000
0.681000 19.122000 2.249000 82.000000 77.000000 58.000000
1.075000 19.126000 2.285000 70.000000 65.000000 46.000000
0.915000 19.128000 2.229000 59.000000 56.000000 39.000000
1.022000 19.126000 2.276000 66.000000 63.000000 46.000000
0.968000 19.124000 2.281000 72.000000 67.000000 48.000000
0.982000 19.133000 2.187000 56.000000 54.000000 39.000000
0.942000 19.127000 2.252000 67.000000 62.000000 43.000000
0.984000 19.130000 2.224000 59.000000 53.000000 39.000000
0.714000 19.122000 2.258000 145.000000 147.000000 126.000000
0.986000 19.126000 2.269000 66.000000 63.000000 44.000000
0.929000 19.124000 2.273000 70.000000 65.000000 46.000000
0.906000 19.131000 2.204000 56.000000 53.000000 38.000000
0.840000 19.127000 2.226000 50.000000 48.000000 36.000000
1.011000 19.128000 2.247000 62.000000 57.000000 38.000000
0.915000 19.123000 2.280000 73.000000 67.000000 43.000000
0.861000 19.126000 2.243000 58.000000 52.000000 38.000000
1.099000 19.125000 2.295000 73.000000 67.000000 51.000000
0.788000 19.123000 2.262000 111.000000 109.000000 94.000000
0.953000 19.132000 2.191000 56.000000 53.000000 36.000000
0.956000 19.124000 2.277000 72.000000 69.000000 50.000000
0.828000 19.124000 2.259000 54.000000 52.000000 39.000000
0.871000 19.129000 2.219000 55.000000 52.000000 37.000000
0.825000 19.128000 2.217000 49.000000 45.000000 34.000000
0.908000 19.129000 2.215000 56.000000 53.000000 38.000000
1.128000 19.127000 2.281000 70.000000 67.000000 50.000000
1.045000 19.129000 2.243000 59.000000 57.000000 42.000000
0.683000 19.121000 2.260000 134.000000 125.000000 96.000000
1.030000 19.124000 2.293000 77.000000 70.000000 44.000000
1.063000 19.128000 2.262000 63.000000 60.000000 45.000000
0.961000 19.128000 2.245000 66.000000 59.000000 43.000000
1.003000 19.132000 2.203000 56.000000 52.000000 40.000000
1.084000 19.128000 2.260000 64.000000 61.000000 44.000000
0.995000 19.128000 2.246000 65.000000 58.000000 42.000000
0.980000 19.132000 2.196000 55.000000 53.000000 38.000000
0.973000 19.132000 2.201000 57.000000 54.000000 39.000000
0.931000 19.126000 2.254000 67.000000 62.000000 43.000000
0.940000 19.131000 2.208000 56.000000 53.000000 38.000000
0.803000 19.125000 2.245000 44.000000 44.000000 32.000000
0.877000 19.123000 2.275000 62.000000 57.000000 35.000000
0.959000 19.133000 2.187000 56.000000 53.000000 36.000000
1.007000 19.128000 2.247000 63.000000 58.000000 39.000000
1.050000 19.130000 2.238000 60.000000 57.000000 40.000000
0.769000 19.125000 2.242000 154.000000 157.000000 138.000000
0.904000 19.131000 2.195000 56.000000 53.000000 38.000000
0.843000 19.127000 2.229000 50.000000 48.000000 36.000000
1.133000 19.127000 2.285000 73.000000 70.000000 53.000000
1.107000 19.125000 2.294000 73.000000 67.000000 51.000000
0.846000 19.126000 2.236000 53.000000 49.000000 37.000000
0.895000 19.124000 2.276000 71.000000 65.000000 41.000000
0.992000 19.132000 2.198000 55.000000 53.000000 40.000000
1.130000 19.126000 2.290000 75.000000 69.000000 53.000000
0.750000 19.122000 2.263000 155.000000 152.000000 133.000000
1.057000 19.130000 2.233000 61.000000 55.000000 39.000000
1.037000 19.124000 2.295000 77.000000 70.000000 42.000000
0.840000 19.128000 2.214000 50.000000 47.000000 38.000000
0.966000 19.132000 2.196000 56.000000 53.000000 38.000000
0.843000 19.128000 2.224000 52.000000 50.000000 38.000000
0.865000 19.128000 2.220000 54.000000 51.000000 36.000000
0.956000 19.132000 2.200000 56.000000 53.000000 38.000000
1.015000 19.126000 2.273000 66.000000 63.000000 44.000000
0.863000 19.124000 2.270000 59.000000 57.000000 36.000000
1.138000 19.124000 2.312000 118.000000 107.000000 75.000000
1.151000 19.125000 2.307000 78.000000 67.000000 45.000000
1.011000 19.131000 2.212000 60.000000 54.000000 42.000000
1.024000 19.129000 2.237000 59.000000 56.000000 37.000000
1.149000 19.126000 2.295000 76.000000 70.000000 54.000000
1.061000 19.124000 2.297000 69.000000 64.000000 44.000000
1.044000 19.125000 2.290000 72.000000 65.000000 46.000000
0.960000 19.133000 2.187000 56.000000 53.000000 36.000000
0.959000 19.130000 2.213000 56.000000 53.000000 38.000000
0.961000 19.127000 2.248000 67.000000 60.000000 44.000000
0.971000 19.134000 2.180000 57.000000 54.000000 39.000000
0.911000 19.127000 2.240000 63.000000 57.000000 41.000000
1.156000 19.125000 2.305000 75.000000 67.000000 48.000000
0.759000 19.125000 2.234000 100.000000 93.000000 65.000000
0.810000 19.124000 2.259000 44.000000 42.000000 30.000000
0.854000 19.123000 2.269000 66.000000 60.000000 46.000000
1.102000 19.127000 2.275000 68.000000 65.000000 48.000000
1.092000 19.126000 2.287000 73.000000 67.000000 51.000000
0.834000 19.127000 2.223000 47.000000 44.000000 35.000000
1.041000 19.127000 2.264000 63.000000 60.000000 41.000000
0.837000 19.124000 2.261000 58.000000 54.000000 42.000000
1.002000 19.126000 2.265000 65.000000 62.000000 43.000000
0.960000 19.132000 2.196000 56.000000 53.000000 38.000000
1.123000 19.124000 2.308000 110.000000 100.000000 73.000000
0.927000 19.130000 2.211000 57.000000 54.000000 39.000000
0.818000 19.124000 2.260000 54.000000 52.000000 40.000000
1.010000 19.130000 2.230000 60.000000 55.000000 36.000000
1.009000 19.131000 2.219000 59.000000 53.000000 39.000000
0.849000 19.123000 2.271000 61.000000 54.000000 36.000000
0.762000 19.123000 2.258000 159.000000 156.000000 147.000000
0.916000 19.128000 2.234000 63.000000 57.000000 41.000000
0.991000 19.132000 2.199000 55.000000 53.000000 40.000000
1.019000 19.124000 2.293000 73.000000 66.000000 38.000000
0.874000 19.123000 2.277000 76.000000 69.000000 43.000000
0.993000 19.126000 2.266000 67.000000 62.000000 43.000000
0.712000 19.123000 2.246000 109.000000 105.000000 80.000000
0.807000 19.125000 2.242000 45.000000 45.000000 37.000000
0.981000 19.131000 2.212000 56.000000 53.000000 38.000000
1.016000 19.131000 2.219000 58.000000 55.000000 38.000000
0.848000 19.125000 2.248000 57.000000 53.000000 41.000000
1.047000 19.125000 2.283000 71.000000 65.000000 51.000000
0.958000 19.126000 2.256000 68.000000 61.000000 45.000000
0.823000 19.127000 2.224000 47.000000 45.000000 33.000000
0.737000 19.125000 2.235000 94.000000 85.000000 56.000000
0.893000 19.124000 2.268000 63.000000 61.000000 46.000000
1.093000 19.127000 2.278000 67.000000 64.000000 47.000000
1.017000 19.125000 2.284000 70.000000 65.000000 46.000000
1.077000 19.128000 2.256000 63.000000 60.000000 43.000000
0.961000 19.128000 2.243000 66.000000 59.000000 43.000000
0.866000 19.125000 2.251000 61.000000 55.000000 39.000000
1.012000 19.126000 2.274000 66.000000 63.000000 44.000000
0.850000 19.123000 2.272000 61.000000 54.000000 36.000000
1.018000 19.130000 2.231000 58.000000 55.000000 36.000000
1.010000 19.129000 2.235000 61.000000 56.000000 37.000000
0.866000 19.127000 2.230000 56.000000 53.000000 38.000000
1.009000 19.126000 2.272000 66.000000 63.000000 44.000000
0.988000 19.131000 2.211000 56.000000 53.000000 38.000000
0.955000 19.125000 2.276000 69.000000 66.000000 47.000000
0.925000 19.126000 2.254000 66.000000 61.000000 42.000000
0.904000 19.129000 2.219000 58.000000 55.000000 40.000000
0.846000 19.126000 2.238000 53.000000 49.000000 37.000000
0.792000 19.125000 2.239000 65.000000 66.000000 58.000000
0.832000 19.128000 2.221000 47.000000 44.000000 35.000000
1.000000 19.131000 2.218000 56.000000 53.000000 38.000000
1.041000 19.126000 2.280000 69.000000 63.000000 49.000000
1.020000 19.128000 2.245000 60.000000 57.000000 40.000000
0.970000 19.126000 2.262000 67.000000 62.000000 43.000000
1.019000 19.127000 2.258000 62.000000 59.000000 42.000000
0.751000 19.122000 2.267000 106.000000 96.000000 69.000000
1.060000 19.130000 2.238000 59.000000 56.000000 39.000000
1.077000 19.124000 2.305000 111.000000 100.000000 70.000000
0.861000 19.124000 2.260000 56.000000 50.000000 36.000000
0.969000 19.124000 2.288000 108.000000 101.000000 72.000000
0.954000 19.127000 2.249000 68.000000 59.000000 44.000000
1.114000 19.122000 2.319000 116.000000 105.000000 77.000000
1.117000 19.122000 2.319000 117.000000 105.000000 79.000000
1.164000 19.123000 2.319000 119.000000 105.000000 78.000000
1.146000 19.122000 2.319000 113.000000 102.000000 72.000000
0.970000 19.133000 2.175000 59.000000 54.000000 34.000000
0.967000 19.132000 2.174000 59.000000 54.000000 35.000000
0.967000 19.120000 2.162000 60.000000 55.000000 35.000000
0.958000 19.125000 2.169000 59.000000 53.000000 37.000000
0.970000 19.126000 2.167000 59.000000 54.000000 35.000000
1.122000 19.125000 2.215000 64.000000 61.000000 42.000000
1.135000 19.126000 2.257000 70.000000 64.000000 48.000000
1.068000 19.130000 2.238000 59.000000 56.000000 39.000000
1.075000 19.129000 2.229000 62.000000 54.000000 41.000000
1.152000 19.123000 2.215000 69.000000 66.000000 47.000000
1.112000 19.128000 2.266000 69.000000 63.000000 47.000000
1.141000 19.123000 2.212000 67.000000 66.000000 45.000000
1.086000 19.128000 2.222000 64.000000 56.000000 45.000000
1.144000 19.122000 2.187000 73.000000 70.000000 55.000000
1.099000 19.127000 2.220000 63.000000 57.000000 43.000000
1.146000 19.124000 2.233000 71.000000 64.000000 48.000000
1.150000 19.126000 2.294000 76.000000 70.000000 54.000000
1.157000 19.124000 2.259000 67.000000 64.000000 47.000000
1.053000 19.129000 2.202000 57.000000 55.000000 40.000000
1.135000 19.125000 2.246000 74.000000 62.000000 50.000000
1.019000 19.131000 2.191000 58.000000 54.000000 42.000000
1.164000 19.124000 2.272000 73.000000 67.000000 51.000000
1.113000 19.126000 2.230000 65.000000 62.000000 45.000000
1.154000 19.121000 2.187000 73.000000 69.000000 57.000000
1.086000 19.127000 2.210000 64.000000 55.000000 46.000000
1.035000 19.130000 2.186000 59.000000 55.000000 43.000000
1.120000 19.127000 2.268000 68.000000 65.000000 48.000000
1.076000 19.129000 2.233000 61.000000 55.000000 41.000000
1.035000 19.130000 2.181000 60.000000 56.000000 44.000000
1.130000 19.123000 2.194000 71.000000 65.000000 51.000000
1.032000 19.130000 2.180000 60.000000 56.000000 44.000000
1.066000 19.130000 2.234000 61.000000 55.000000 39.000000
1.108000 19.127000 2.235000 64.000000 61.000000 46.000000
1.050000 19.129000 2.198000 57.000000 55.000000 40.000000
1.082000 19.128000 2.232000 62.000000 56.000000 42.000000
1.097000 19.127000 2.235000 64.000000 58.000000 44.000000
1.039000 19.131000 2.210000 57.000000 56.000000 38.000000
1.069000 19.129000 2.218000 62.000000 56.000000 42.000000
1.155000 19.121000 2.186000 74.000000 70.000000 58.000000
1.108000 19.125000 2.195000 68.000000 60.000000 47.000000
1.009000 19.132000 2.200000 57.000000 53.000000 41.000000
1.052000 19.130000 2.219000 59.000000 56.000000 39.000000
1.005000 19.132000 2.178000 59.000000 55.000000 43.000000
1.040000 19.131000 2.215000 57.000000 56.000000 38.000000
1.072000 19.127000 2.176000 65.000000 61.000000 50.000000
1.109000 19.127000 2.249000 68.000000 62.000000 48.000000
1.102000 19.126000 2.209000 67.000000 57.000000 45.000000
1.064000 19.129000 2.224000 61.000000 55.000000 39.000000
1.064000 19.130000 2.237000 59.000000 56.000000 39.000000
1.136000 19.122000 2.182000 74.000000 71.000000 56.000000
1.159000 19.121000 2.189000 74.000000 70.000000 58.000000
1.015000 19.132000 2.202000 56.000000 52.000000 40.000000
1.130000 19.124000 2.207000 67.000000 64.000000 45.000000
1.062000 19.129000 2.200000 58.000000 55.000000 40.000000
1.181000 19.124000 2.309000 79.000000 74.000000 54.000000
1.145000 19.124000 2.236000 70.000000 63.000000 47.000000
1.112000 19.125000 2.209000 67.000000 60.000000 44.000000
1.037000 19.131000 2.214000 57.000000 56.000000 38.000000
1.149000 19.121000 2.175000 79.000000 75.000000 64.000000
1.141000 19.125000 2.257000 70.000000 64.000000 48.000000
1.054000 19.129000 2.202000 57.000000 55.000000 40.000000
1.018000 19.131000 2.179000 59.000000 55.000000 43.000000
1.141000 19.124000 2.225000 68.000000 65.000000 46.000000
1.172000 19.123000 2.254000 72.000000 69.000000 52.000000
1.169000 19.122000 2.236000 74.000000 65.000000 50.000000
1.149000 19.121000 2.175000 79.000000 75.000000 64.000000
1.010000 19.131000 2.177000 59.000000 55.000000 43.000000
1.091000 19.128000 2.251000 62.000000 61.000000 43.000000
1.072000 19.128000 2.206000 60.000000 57.000000 42.000000
1.099000 19.126000 2.202000 66.000000 58.000000 45.000000
1.054000 19.130000 2.219000 59.000000 56.000000 39.000000
1.121000 19.126000 2.246000 69.000000 61.000000 48.000000
1.137000 19.125000 2.237000 70.000000 63.000000 47.000000
1.050000 19.129000 2.179000 61.000000 59.000000 47.000000
1.160000 19.124000 2.256000 69.000000 66.000000 49.000000
1.029000 19.131000 2.201000 58.000000 54.000000 42.000000
1.118000 19.125000 2.211000 67.000000 61.000000 45.000000
1.017000 19.131000 2.179000 59.000000 55.000000 43.000000
1.091000 19.125000 2.176000 71.000000 64.000000 58.000000
1.078000 19.127000 2.193000 62.000000 58.000000 46.000000
1.087000 19.128000 2.232000 64.000000 56.000000 43.000000
1.018000 19.131000 2.185000 59.000000 55.000000 43.000000
1.163000 19.123000 2.235000 73.000000 65.000000 52.000000
1.088000 19.127000 2.204000 65.000000 56.000000 47.000000
1.141000 19.123000 2.196000 72.000000 66.000000 52.000000
1.041000 19.129000 2.178000 60.000000 56.000000 44.000000
1.175000 19.124000 2.283000 76.000000 70.000000 54.000000
1.138000 19.125000 2.254000 72.000000 65.000000 49.000000
1.160000 19.122000 2.225000 71.000000 64.000000 48.000000
1.179000 19.124000 2.305000 72.000000 69.000000 50.000000
1.080000 19.126000 2.176000 67.000000 63.000000 54.000000
1.042000 19.130000 2.198000 58.000000 54.000000 42.000000
1.145000 19.124000 2.233000 69.000000 63.000000 47.000000
1.145000 19.123000 2.220000 73.000000 68.000000 49.000000
1.108000 19.126000 2.210000 66.000000 58.000000 45.000000
1.170000 19.124000 2.279000 77.000000 71.000000 55.000000
1.148000 19.124000 2.234000 71.000000 64.000000 48.000000
1.085000 19.128000 2.222000 64.000000 56.000000 45.000000
1.120000 19.124000 2.182000 74.000000 68.000000 54.000000
1.066000 19.127000 2.176000 64.000000 60.000000 49.000000
1.144000 19.123000 2.217000 69.000000 68.000000 47.000000
1.096000 19.125000 2.176000 72.000000 65.000000 59.000000
1.153000 19.122000 2.203000 71.000000 68.000000 51.000000
1.030000 19.131000 2.209000 57.000000 54.000000 39.000000
1.020000 19.131000 2.183000 59.000000 55.000000 43.000000
1.120000 19.125000 2.227000 65.000000 62.000000 45.000000
1.139000 19.124000 2.235000 69.000000 63.000000 47.000000
1.082000 19.129000 2.239000 63.000000 57.000000 41.000000
1.084000 19.129000 2.239000 63.000000 57.000000 41.000000
1.076000 19.127000 2.193000 61.000000 57.000000 45.000000
1.160000 19.123000 2.235000 73.000000 65.000000 52.000000
1.048000 19.129000 2.181000 60.000000 56.000000 44.000000
1.159000 19.121000 2.194000 74.000000 71.000000 56.000000
1.162000 19.124000 2.273000 73.000000 67.000000 51.000000
1.168000 19.124000 2.273000 76.000000 70.000000 54.000000
1.078000 19.128000 2.221000 64.000000 56.000000 43.000000
1.152000 19.121000 2.176000 80.000000 76.000000 65.000000
1.089000 19.126000 2.194000 67.000000 61.000000 49.000000
1.018000 19.131000 2.183000 59.000000 55.000000 43.000000
1.109000 19.126000 2.212000 66.000000 58.000000 45.000000
1.013000 19.132000 2.192000 58.000000 54.000000 42.000000
1.025000 19.131000 2.203000 57.000000 53.000000 41.000000
1.184000 19.124000 2.310000 77.000000 71.000000 49.000000
1.088000 19.129000 2.250000 62.000000 61.000000 43.000000
1.115000 19.126000 2.223000 65.000000 62.000000 45.000000
1.083000 19.129000 2.242000 61.000000 58.000000 41.000000
1.137000 19.124000 2.227000 68.000000 65.000000 46.000000
1.144000 19.124000 2.222000 68.000000 67.000000 47.000000
1.126000 19.124000 2.200000 69.000000 63.000000 49.000000
1.156000 19.125000 2.277000 71.000000 65.000000 49.000000
1.162000 19.122000 2.229000 72.000000 65.000000 49.000000
1.095000 19.125000 2.182000 69.000000 62.000000 54.000000
1.039000 19.131000 2.218000 57.000000 56.000000 38.000000
1.159000 19.122000 2.222000 69.000000 63.000000 47.000000
1.113000 19.128000 2.267000 69.000000 63.000000 47.000000
1.052000 19.130000 2.221000 59.000000 56.000000 39.000000
1.138000 19.126000 2.277000 74.000000 71.000000 54.000000
1.159000 19.125000 2.289000 77.000000 71.000000 55.000000
1.056000 19.130000 2.218000 59.000000 56.000000 39.000000
1.187000 19.122000 2.301000 68.000000 66.000000 51.000000
1.177000 19.121000 2.256000 77.000000 74.000000 57.000000
1.189000 19.122000 2.311000 78.000000 71.000000 52.000000
1.169000 19.121000 2.223000 71.000000 63.000000 50.000000
1.168000 19.121000 2.225000 71.000000 63.000000 50.000000
1.167000 19.122000 2.222000 71.000000 63.000000 50.000000
1.182000 19.123000 2.292000 77.000000 71.000000 55.000000
1.187000 19.121000 2.295000 77.000000 71.000000 55.000000
1.173000 19.121000 2.241000 76.000000 67.000000 52.000000
1.168000 19.121000 2.218000 73.000000 65.000000 52.000000
0.558000 19.120000 2.258000 68.000000 61.000000 43.000000
0.589000 19.120000 2.257000 68.000000 61.000000 43.000000
0.372000 18.970000 2.149000 16.000000 14.000000 2.000000
0.396000 18.972000 2.139000 110.000000 102.000000 81.000000
0.394000 18.972000 2.138000 107.000000 101.000000 79.000000
0.392000 18.971000 2.146000 63.000000 55.000000 36.000000
0.389000 18.973000 2.129000 106.000000 98.000000 75.000000
0.387000 18.973000 2.131000 105.000000 97.000000 76.000000
0.362000 18.972000 2.136000 112.000000 107.000000 88.000000
0.374000 18.970000 2.151000 28.000000 28.000000 16.000000
0.379000 18.969000 2.155000 74.000000 66.000000 53.000000
0.375000 18.972000 2.136000 117.000000 112.000000 93.000000
0.370000 18.970000 2.148000 16.000000 14.000000 2.000000
0.373000 18.973000 2.131000 101.000000 96.000000 74.000000
0.367000 18.973000 2.131000 104.000000 99.000000 79.000000
0.366000 18.990000 2.190000 69.000000 67.000000 55.000000
0.362000 18.974000 2.144000 43.000000 41.000000 29.000000
0.361000 18.981000 2.158000 33.000000 27.000000 13.000000
0.359000 18.981000 2.149000 101.000000 98.000000 81.000000
0.365000 18.972000 2.150000 14.000000 10.000000 0.000000
0.361000 19.009000 2.215000 20.000000 15.000000 11.000000
0.360000 18.994000 2.180000 65.000000 53.000000 37.000000
0.362000 18.980000 2.158000 33.000000 27.000000 13.000000
0.359000 19.007000 2.204000 23.000000 18.000000 14.000000
0.362000 18.980000 2.158000 33.000000 27.000000 13.000000
0.364000 18.979000 2.162000 67.000000 61.000000 47.000000
0.362000 19.003000 2.204000 24.000000 19.000000 16.000000
0.364000 18.996000 2.196000 35.000000 32.000000 23.000000
0.363000 18.971000 2.142000 43.000000 37.000000 25.000000
0.372000 18.969000 2.162000 67.000000 61.000000 47.000000
0.369000 18.976000 2.169000 63.000000 55.000000 42.000000
0.365000 18.998000 2.202000 23.000000 20.000000 13.000000
0.357000 18.977000 2.136000 107.000000 99.000000 78.000000
0.386000 19.082000 2.297000 72.000000 65.000000 46.000000
0.368000 19.077000 2.292000 65.000000 60.000000 41.000000
0.382000 19.077000 2.291000 70.000000 63.000000 44.000000
0.372000 19.077000 2.291000 67.000000 62.000000 43.000000
0.362000 19.081000 2.297000 66.000000 59.000000 43.000000
0.363000 19.086000 2.304000 69.000000 62.000000 44.000000
0.385000 19.085000 2.301000 72.000000 65.000000 46.000000
0.362000 19.067000 2.279000 62.000000 53.000000 38.000000
0.366000 19.078000 2.293000 64.000000 59.000000 40.000000
0.378000 19.082000 2.298000 71.000000 64.000000 46.000000
0.376000 19.088000 2.305000 71.000000 64.000000 46.000000
0.410000 19.087000 2.302000 75.000000 67.000000 46.000000
0.409000 19.091000 2.307000 74.000000 66.000000 45.000000
0.359000 19.082000 2.299000 65.000000 58.000000 42.000000
0.405000 19.089000 2.305000 74.000000 66.000000 47.000000
0.590000 19.116000 2.273000 94.000000 84.000000 48.000000
0.492000 19.112000 2.281000 84.000000 75.000000 44.000000
0.545000 19.119000 2.260000 91.000000 80.000000 48.000000
0.503000 19.109000 2.293000 83.000000 74.000000 41.000000
0.544000 19.116000 2.272000 90.000000 79.000000 47.000000
0.470000 19.108000 2.292000 82.000000 73.000000 44.000000
0.490000 19.112000 2.282000 85.000000 76.000000 45.000000
0.492000 19.112000 2.282000 84.000000 75.000000 44.000000
0.633000 19.120000 2.261000 130.000000 124.000000 88.000000
0.455000 19.103000 2.310000 79.000000 66.000000 47.000000
0.547000 19.118000 2.264000 91.000000 80.000000 48.000000
0.611000 19.118000 2.267000 99.000000 90.000000 51.000000
0.610000 19.119000 2.264000 132.000000 122.000000 86.000000
0.584000 19.119000 2.261000 102.000000 92.000000 57.000000
0.507000 19.111000 2.286000 86.000000 75.000000 43.000000
0.501000 19.108000 2.293000 83.000000 74.000000 41.000000
0.553000 19.116000 2.271000 90.000000 79.000000 47.000000
0.454000 19.104000 2.306000 80.000000 69.000000 47.000000
0.462000 19.109000 2.291000 81.000000 72.000000 43.000000
0.494000 19.117000 2.264000 85.000000 76.000000 43.000000
0.504000 19.108000 2.297000 83.000000 74.000000 41.000000
0.518000 19.111000 2.287000 86.000000 75.000000 43.000000
0.488000 19.110000 2.288000 84.000000 75.000000 44.000000
0.484000 19.115000 2.271000 84.000000 75.000000 44.000000
0.488000 19.110000 2.288000 85.000000 76.000000 45.000000
0.487000 19.115000 2.271000 84.000000 75.000000 44.000000
0.461000 19.104000 2.307000 82.000000 71.000000 49.000000
0.530000 19.113000 2.281000 89.000000 78.000000 46.000000
0.535000 19.112000 2.284000 90.000000 79.000000 47.000000
0.463000 19.107000 2.297000 81.000000 72.000000 43.000000
0.521000 19.112000 2.282000 88.000000 77.000000 45.000000
0.520000 19.116000 2.269000 88.000000 77.000000 45.000000
0.471000 19.111000 2.283000 82.000000 73.000000 44.000000
0.549000 19.119000 2.260000 92.000000 81.000000 49.000000
0.524000 19.119000 2.259000 89.000000 78.000000 48.000000
0.520000 19.118000 2.264000 88.000000 77.000000 45.000000
0.565000 19.115000 2.275000 94.000000 83.000000 51.000000
0.485000 19.109000 2.292000 84.000000 75.000000 44.000000
0.539000 19.113000 2.281000 90.000000 79.000000 47.000000
0.531000 19.111000 2.288000 89.000000 78.000000 46.000000
0.606000 19.119000 2.264000 130.000000 120.000000 84.000000
0.525000 19.110000 2.291000 88.000000 77.000000 47.000000
0.526000 19.112000 2.283000 89.000000 78.000000 46.000000
0.524000 19.113000 2.279000 88.000000 78.000000 43.000000
0.445000 19.102000 2.312000 83.000000 71.000000 49.000000
0.483000 19.115000 2.272000 84.000000 75.000000 44.000000
0.485000 19.117000 2.266000 84.000000 75.000000 44.000000
0.574000 19.046000 2.161000 144.000000 129.000000 98.000000
0.586000 19.044000 2.158000 132.000000 121.000000 89.000000
0.592000 19.038000 2.152000 132.000000 121.000000 89.000000
0.638000 19.069000 2.165000 127.000000 118.000000 85.000000
0.571000 19.060000 2.172000 114.000000 95.000000 62.000000
0.573000 19.066000 2.176000 97.000000 74.000000 40.000000
0.616000 19.053000 2.158000 128.000000 119.000000 86.000000
0.582000 19.063000 2.172000 124.000000 108.000000 75.000000
0.577000 19.019000 2.142000 129.000000 123.000000 89.000000
0.596000 19.061000 2.167000 133.000000 121.000000 95.000000
0.614000 19.046000 2.153000 129.000000 123.000000 89.000000
0.578000 19.059000 2.170000 125.000000 110.000000 79.000000
0.584000 19.036000 2.153000 133.000000 122.000000 90.000000
0.619000 19.053000 2.157000 129.000000 120.000000 87.000000
0.589000 19.034000 2.150000 129.000000 120.000000 87.000000
0.585000 19.024000 2.144000 130.000000 124.000000 90.000000
0.572000 19.021000 2.144000 126.000000 120.000000 86.000000
0.598000 19.059000 2.166000 135.000000 122.000000 90.000000
0.645000 19.068000 2.163000 127.000000 118.000000 85.000000
0.585000 19.065000 2.172000 124.000000 104.000000 71.000000
0.586000 19.061000 2.170000 130.000000 116.000000 87.000000
0.608000 19.040000 2.150000 129.000000 125.000000 90.000000
0.574000 19.064000 2.174000 110.000000 90.000000 55.000000
0.593000 19.049000 2.160000 134.000000 121.000000 89.000000
0.616000 19.049000 2.155000 128.000000 122.000000 88.000000
0.628000 19.063000 2.163000 129.000000 118.000000 86.000000
0.629000 19.057000 2.158000 130.000000 121.000000 88.000000
0.626000 19.056000 2.158000 130.000000 121.000000 88.000000
0.628000 19.036000 2.145000 120.000000 114.000000 82.000000
0.785000 19.069000 2.144000 109.000000 99.000000 72.000000
0.677000 19.065000 2.156000 120.000000 114.000000 82.000000
0.754000 19.057000 2.142000 110.000000 100.000000 73.000000
0.681000 19.039000 2.140000 117.000000 108.000000 79.000000
0.647000 19.032000 2.141000 118.000000 108.000000 81.000000
0.695000 19.052000 2.146000 120.000000 106.000000 79.000000
0.653000 19.060000 2.156000 120.000000 114.000000 82.000000
0.765000 19.062000 2.143000 109.000000 99.000000 72.000000
0.795000 19.065000 2.141000 110.000000 98.000000 74.000000
0.792000 19.069000 2.144000 109.000000 97.000000 75.000000
0.715000 19.052000 2.144000 115.000000 104.000000 76.000000
0.591000 19.017000 2.139000 123.000000 119.000000 84.000000
0.715000 19.068000 2.153000 118.000000 107.000000 77.000000
0.668000 19.046000 2.146000 117.000000 108.000000 79.000000
0.756000 19.058000 2.142000 110.000000 100.000000 73.000000
0.600000 19.021000 2.140000 119.000000 115.000000 80.000000
0.707000 19.063000 2.152000 118.000000 107.000000 79.000000
0.755000 19.061000 2.144000 110.000000 100.000000 73.000000
0.734000 19.052000 2.141000 113.000000 102.000000 74.000000
0.616000 19.043000 2.151000 131.000000 125.000000 91.000000
0.657000 19.037000 2.142000 117.000000 108.000000 79.000000
0.655000 19.043000 2.146000 116.000000 109.000000 80.000000
0.654000 19.041000 2.145000 116.000000 109.000000 80.000000
0.770000 19.061000 2.142000 109.000000 99.000000 72.000000
0.649000 19.060000 2.157000 121.000000 115.000000 83.000000
0.717000 19.066000 2.151000 117.000000 106.000000 78.000000
0.644000 19.045000 2.149000 121.000000 114.000000 85.000000
0.629000 19.028000 2.140000 120.000000 111.000000 82.000000
0.589000 19.026000 2.144000 131.000000 125.000000 91.000000
0.703000 19.052000 2.145000 117.000000 106.000000 78.000000
0.727000 19.057000 2.145000 114.000000 103.000000 75.000000
0.758000 19.062000 2.144000 110.000000 100.000000 73.000000
0.688000 19.063000 2.154000 118.000000 109.000000 78.000000
0.633000 19.046000 2.150000 120.000000 114.000000 82.000000
0.634000 19.054000 2.155000 128.000000 122.000000 88.000000
0.624000 19.045000 2.151000 125.000000 119.000000 87.000000
0.633000 19.032000 2.142000 121.000000 112.000000 83.000000
0.609000 19.027000 2.142000 119.000000 115.000000 80.000000
0.615000 19.027000 2.142000 120.000000 114.000000 80.000000
0.696000 19.067000 2.155000 119.000000 108.000000 78.000000
0.639000 19.041000 2.147000 120.000000 113.000000 84.000000
0.646000 19.064000 2.160000 131.000000 122.000000 89.000000
0.776000 19.061000 2.141000 109.000000 99.000000 72.000000
0.750000 19.065000 2.147000 112.000000 102.000000 75.000000
0.640000 19.040000 2.146000 120.000000 113.000000 84.000000
0.713000 19.061000 2.149000 116.000000 105.000000 77.000000
0.584000 19.018000 2.140000 127.000000 121.000000 87.000000
0.713000 19.058000 2.148000 117.000000 106.000000 78.000000
0.660000 19.061000 2.156000 119.000000 113.000000 81.000000
0.793000 19.066000 2.142000 110.000000 98.000000 76.000000
0.588000 19.019000 2.141000 128.000000 122.000000 88.000000
0.712000 19.067000 2.153000 118.000000 107.000000 77.000000
0.680000 19.048000 2.146000 118.000000 107.000000 79.000000
0.703000 19.067000 2.154000 118.000000 107.000000 77.000000
0.714000 19.115000 2.293000 105.000000 96.000000 63.000000
0.823000 19.119000 2.291000 111.000000 98.000000 64.000000
0.662000 19.111000 2.302000 99.000000 91.000000 55.000000
1.026000 19.119000 2.317000 116.000000 105.000000 73.000000
0.757000 19.119000 2.281000 106.000000 97.000000 64.000000
0.783000 19.116000 2.297000 106.000000 98.000000 62.000000
0.836000 19.113000 2.317000 111.000000 102.000000 63.000000
0.660000 19.111000 2.304000 99.000000 91.000000 55.000000
0.702000 19.115000 2.293000 104.000000 93.000000 61.000000
0.738000 19.115000 2.297000 106.000000 96.000000 61.000000
0.598000 19.114000 2.283000 94.000000 85.000000 46.000000
0.670000 19.117000 2.280000 100.000000 92.000000 55.000000
0.780000 19.120000 2.279000 107.000000 97.000000 62.000000
0.700000 19.119000 2.276000 101.000000 93.000000 57.000000
0.698000 19.116000 2.288000 103.000000 94.000000 63.000000
0.840000 19.116000 2.308000 111.000000 102.000000 63.000000
0.568000 19.109000 2.297000 91.000000 82.000000 41.000000
0.890000 19.116000 2.314000 112.000000 102.000000 66.000000
0.680000 19.117000 2.279000 95.000000 89.000000 53.000000
0.841000 19.114000 2.315000 112.000000 103.000000 64.000000
0.800000 19.119000 2.289000 108.000000 98.000000 62.000000
0.621000 19.112000 2.291000 96.000000 86.000000 50.000000
0.586000 19.110000 2.298000 90.000000 81.000000 40.000000
0.841000 19.118000 2.299000 105.000000 97.000000 61.000000
0.491000 19.105000 2.307000 84.000000 72.000000 46.000000
0.830000 19.116000 2.304000 109.000000 99.000000 64.000000
0.722000 19.118000 2.283000 105.000000 96.000000 63.000000
0.604000 19.108000 2.310000 96.000000 86.000000 50.000000
0.970000 19.117000 2.318000 111.000000 102.000000 69.000000
0.982000 19.119000 2.315000 113.000000 105.000000 69.000000
0.653000 19.108000 2.313000 102.000000 89.000000 54.000000
0.944000 19.119000 2.306000 113.000000 104.000000 65.000000
0.752000 19.116000 2.294000 106.000000 96.000000 61.000000
1.045000 19.120000 2.316000 113.000000 102.000000 70.000000
0.711000 19.109000 2.317000 105.000000 95.000000 59.000000
0.941000 19.118000 2.312000 113.000000 104.000000 65.000000
0.564000 19.110000 2.296000 94.000000 85.000000 44.000000
0.930000 19.120000 2.300000 113.000000 104.000000 65.000000
0.695000 19.112000 2.305000 103.000000 93.000000 57.000000
0.590000 19.111000 2.292000 94.000000 85.000000 46.000000
0.792000 19.117000 2.297000 108.000000 98.000000 63.000000
0.561000 19.111000 2.290000 87.000000 77.000000 41.000000
0.598000 19.107000 2.310000 95.000000 85.000000 49.000000
0.849000 19.115000 2.312000 112.000000 103.000000 62.000000
0.577000 19.111000 2.292000 94.000000 85.000000 46.000000
0.801000 19.118000 2.294000 108.000000 98.000000 63.000000
0.644000 19.113000 2.291000 98.000000 88.000000 52.000000
0.638000 19.113000 2.290000 99.000000 90.000000 49.000000
0.823000 19.120000 2.288000 111.000000 96.000000 63.000000
0.682000 19.117000 2.282000 99.000000 93.000000 59.000000
0.655000 19.108000 2.316000 101.000000 88.000000 54.000000
0.610000 19.112000 2.293000 94.000000 85.000000 46.000000
0.698000 19.120000 2.271000 115.000000 107.000000 71.000000
0.804000 19.113000 2.315000 110.000000 101.000000 62.000000
0.679000 19.114000 2.294000 103.000000 93.000000 58.000000
0.807000 19.117000 2.298000 111.000000 101.000000 66.000000
0.947000 19.117000 2.315000 112.000000 104.000000 65.000000
0.613000 19.108000 2.309000 97.000000 87.000000 51.000000
0.788000 19.114000 2.306000 109.000000 96.000000 61.000000
0.667000 19.119000 2.268000 114.000000 101.000000 67.000000
0.512000 19.104000 2.313000 88.000000 75.000000 41.000000
0.692000 19.113000 2.299000 107.000000 96.000000 66.000000
0.664000 19.116000 2.280000 102.000000 88.000000 49.000000
0.607000 19.114000 2.282000 96.000000 87.000000 46.000000
0.629000 19.117000 2.273000 96.000000 89.000000 47.000000
0.526000 19.109000 2.293000 87.000000 76.000000 48.000000
0.663000 19.118000 2.276000 101.000000 89.000000 51.000000
0.654000 19.109000 2.309000 102.000000 89.000000 54.000000
0.608000 19.113000 2.287000 98.000000 89.000000 50.000000
0.796000 19.117000 2.295000 109.000000 99.000000 64.000000
0.635000 19.114000 2.285000 97.000000 88.000000 45.000000
0.546000 19.104000 2.315000 88.000000 80.000000 43.000000
0.577000 19.107000 2.309000 90.000000 82.000000 46.000000
0.550000 19.105000 2.313000 92.000000 82.000000 47.000000
0.544000 19.107000 2.304000 87.000000 79.000000 42.000000
0.917000 19.119000 2.302000 113.000000 104.000000 65.000000
0.650000 19.114000 2.289000 98.000000 88.000000 53.000000
0.555000 19.112000 2.286000 95.000000 85.000000 50.000000
0.558000 19.107000 2.306000 92.000000 81.000000 49.000000
0.640000 19.119000 2.265000 130.000000 124.000000 92.000000
0.730000 19.120000 2.274000 112.000000 102.000000 67.000000
0.690000 19.113000 2.299000 107.000000 96.000000 66.000000
0.582000 19.110000 2.297000 89.000000 80.000000 39.000000
0.710000 19.113000 2.302000 106.000000 95.000000 63.000000
0.757000 19.112000 2.310000 105.000000 95.000000 59.000000
0.608000 19.111000 2.296000 95.000000 86.000000 47.000000
0.593000 19.107000 2.311000 95.000000 85.000000 50.000000
0.582000 19.112000 2.289000 92.000000 83.000000 44.000000
0.965000 19.120000 2.306000 113.000000 103.000000 68.000000
0.623000 19.117000 2.272000 97.000000 89.000000 52.000000
0.591000 19.110000 2.298000 90.000000 81.000000 42.000000
0.824000 19.119000 2.290000 110.000000 95.000000 62.000000
0.712000 19.116000 2.288000 105.000000 96.000000 63.000000
0.716000 19.109000 2.318000 107.000000 98.000000 67.000000
0.914000 19.118000 2.308000 112.000000 103.000000 64.000000
0.848000 19.115000 2.311000 111.000000 102.000000 63.000000
0.739000 19.118000 2.284000 106.000000 97.000000 64.000000
0.933000 19.117000 2.316000 112.000000 104.000000 65.000000
0.702000 19.110000 2.311000 105.000000 96.000000 57.000000
0.519000 19.106000 2.306000 90.000000 79.000000 51.000000
0.904000 19.120000 2.296000 107.000000 99.000000 62.000000
0.543000 19.110000 2.291000 89.000000 79.000000 44.000000
0.609000 19.112000 2.293000 97.000000 88.000000 49.000000
0.971000 19.120000 2.309000 113.000000 103.000000 67.000000
0.514000 19.107000 2.299000 82.000000 76.000000 40.000000
0.794000 19.119000 2.288000 108.000000 98.000000 62.000000
0.500000 19.106000 2.300000 82.000000 76.000000 42.000000
0.803000 19.113000 2.314000 110.000000 101.000000 60.000000
0.665000 19.108000 2.314000 102.000000 94.000000 57.000000
0.754000 19.117000 2.290000 105.000000 96.000000 63.000000
0.772000 19.120000 2.280000 108.000000 98.000000 63.000000
0.496000 19.105000 2.307000 83.000000 71.000000 45.000000
0.803000 19.118000 2.294000 109.000000 99.000000 64.000000
0.716000 19.112000 2.307000 105.000000 95.000000 60.000000
0.919000 19.120000 2.302000 114.000000 105.000000 66.000000
0.650000 19.120000 2.263000 65.000000 58.000000 39.000000
0.825000 19.115000 2.308000 109.000000 99.000000 63.000000
0.643000 19.116000 2.278000 96.000000 86.000000 50.000000
0.925000 19.120000 2.300000 115.000000 106.000000 67.000000
0.812000 19.114000 2.311000 107.000000 98.000000 57.000000
0.752000 19.115000 2.298000 108.000000 98.000000 63.000000
0.800000 19.117000 2.297000 108.000000 98.000000 63.000000
0.584000 19.106000 2.316000 92.000000 83.000000 50.000000
0.989000 19.120000 2.310000 113.000000 103.000000 67.000000
0.886000 19.118000 2.304000 110.000000 100.000000 65.000000
0.791000 19.115000 2.304000 108.000000 95.000000 61.000000
0.735000 19.119000 2.281000 102.000000 91.000000 59.000000
0.690000 19.113000 2.299000 104.000000 93.000000 61.000000
0.839000 19.120000 2.288000 109.000000 96.000000 61.000000
0.848000 19.118000 2.300000 112.000000 99.000000 67.000000
0.919000 19.118000 2.308000 113.000000 104.000000 65.000000
0.981000 19.119000 2.312000 114.000000 104.000000 68.000000
0.628000 19.110000 2.302000 95.000000 87.000000 48.000000
0.589000 19.108000 2.306000 93.000000 85.000000 48.000000
0.850000 19.116000 2.308000 110.000000 100.000000 64.000000
0.594000 19.116000 2.274000 95.000000 85.000000 49.000000
0.586000 19.113000 2.286000 93.000000 83.000000 47.000000
0.926000 19.120000 2.302000 115.000000 106.000000 67.000000
0.661000 19.112000 2.297000 97.000000 89.000000 50.000000
0.681000 19.111000 2.307000 102.000000 92.000000 56.000000
0.877000 19.119000 2.299000 109.000000 99.000000 64.000000
0.785000 19.112000 2.318000 108.000000 98.000000 63.000000
1.002000 19.119000 2.317000 116.000000 105.000000 73.000000
0.592000 19.112000 2.287000 92.000000 83.000000 44.000000
0.688000 19.116000 2.285000 102.000000 96.000000 64.000000
0.800000 19.117000 2.295000 109.000000 99.000000 64.000000
0.558000 19.105000 2.315000 90.000000 82.000000 43.000000
0.666000 19.112000 2.300000 104.000000 91.000000 59.000000
0.887000 19.117000 2.307000 111.000000 101.000000 66.000000
0.731000 19.111000 2.315000 105.000000 99.000000 63.000000
0.750000 19.119000 2.280000 104.000000 93.000000 61.000000
0.898000 19.118000 2.306000 109.000000 99.000000 64.000000
0.750000 19.117000 2.288000 105.000000 96.000000 63.000000
0.773000 19.116000 2.296000 110.000000 102.000000 66.000000
0.671000 19.116000 2.282000 98.000000 92.000000 56.000000
0.828000 19.117000 2.302000 110.000000 97.000000 65.000000
0.581000 19.107000 2.308000 92.000000 84.000000 48.000000
0.958000 19.120000 2.308000 113.000000 103.000000 68.000000
0.581000 19.109000 2.301000 87.000000 81.000000 45.000000
0.564000 19.105000 2.314000 89.000000 81.000000 42.000000
0.634000 19.112000 2.293000 99.000000 90.000000 49.000000
0.678000 19.117000 2.278000 98.000000 90.000000 54.000000
0.966000 19.119000 2.312000 116.000000 106.000000 70.000000
0.888000 19.117000 2.310000 110.000000 100.000000 64.000000
0.656000 19.113000 2.294000 98.000000 88.000000 52.000000
0.827000 19.120000 2.288000 110.000000 95.000000 62.000000
0.655000 19.113000 2.294000 99.000000 89.000000 54.000000
0.820000 19.114000 2.313000 110.000000 101.000000 60.000000
0.812000 19.118000 2.294000 112.000000 98.000000 69.000000
0.695000 19.111000 2.308000 103.000000 93.000000 57.000000
0.617000 19.109000 2.304000 94.000000 86.000000 49.000000
0.635000 19.109000 2.306000 98.000000 86.000000 48.000000
0.674000 19.112000 2.302000 101.000000 88.000000 54.000000
0.686000 19.112000 2.302000 103.000000 93.000000 58.000000
0.904000 19.117000 2.312000 113.000000 103.000000 67.000000
0.827000 19.119000 2.292000 110.000000 97.000000 63.000000
0.944000 19.119000 2.307000 113.000000 104.000000 65.000000
0.788000 19.120000 2.284000 109.000000 99.000000 63.000000
0.604000 19.116000 2.273000 91.000000 82.000000 43.000000
0.715000 19.109000 2.318000 107.000000 98.000000 67.000000
0.736000 19.112000 2.311000 104.000000 99.000000 61.000000
0.608000 19.112000 2.292000 97.000000 88.000000 49.000000
0.890000 19.115000 2.319000 110.000000 100.000000 65.000000
0.868000 19.118000 2.303000 111.000000 101.000000 66.000000
0.838000 19.117000 2.302000 111.000000 98.000000 66.000000
0.797000 19.119000 2.289000 108.000000 98.000000 62.000000
0.758000 19.116000 2.294000 108.000000 98.000000 63.000000
0.523000 19.107000 2.301000 85.000000 78.000000 36.000000
0.567000 19.109000 2.299000 90.000000 83.000000 41.000000
0.839000 19.115000 2.312000 111.000000 102.000000 61.000000
0.631000 19.109000 2.309000 97.000000 85.000000 47.000000
0.721000 19.119000 2.278000 104.000000 94.000000 59.000000
0.606000 19.113000 2.287000 98.000000 89.000000 50.000000
0.632000 19.111000 2.300000 95.000000 87.000000 48.000000
0.786000 19.119000 2.284000 109.000000 99.000000 63.000000
0.624000 19.117000 2.274000 97.000000 89.000000 50.000000
0.679000 19.116000 2.284000 98.000000 92.000000 58.000000
0.689000 19.101000 2.207000 103.000000 94.000000 63.000000
0.679000 19.114000 2.235000 113.000000 105.000000 82.000000
0.734000 19.108000 2.206000 96.000000 85.000000 53.000000
0.795000 19.112000 2.193000 60.000000 60.000000 50.000000
0.648000 19.105000 2.228000 115.000000 110.000000 88.000000
0.778000 19.109000 2.193000 170.000000 167.000000 152.000000
0.654000 19.106000 2.229000 119.000000 115.000000 90.000000
0.805000 19.113000 2.191000 45.000000 45.000000 37.000000
0.672000 19.102000 2.214000 86.000000 77.000000 46.000000
0.819000 19.111000 2.182000 44.000000 44.000000 32.000000
0.705000 19.092000 2.185000 97.000000 88.000000 47.000000
0.675000 19.106000 2.222000 54.000000 45.000000 16.000000
0.660000 19.103000 2.220000 62.000000 55.000000 27.000000
0.759000 19.118000 2.215000 95.000000 86.000000 55.000000
0.772000 19.118000 2.212000 97.000000 83.000000 54.000000
0.814000 19.107000 2.178000 42.000000 42.000000 30.000000
0.728000 19.096000 2.186000 96.000000 90.000000 58.000000
0.708000 19.093000 2.187000 97.000000 88.000000 47.000000
0.666000 19.119000 2.247000 65.000000 59.000000 43.000000
0.681000 19.119000 2.242000 113.000000 108.000000 88.000000
0.655000 19.090000 2.198000 107.000000 98.000000 67.000000
0.683000 19.081000 2.172000 121.000000 112.000000 81.000000
0.726000 19.088000 2.172000 146.000000 144.000000 131.000000
0.754000 19.094000 2.172000 141.000000 143.000000 129.000000
0.729000 19.119000 2.228000 120.000000 111.000000 80.000000
0.680000 19.097000 2.202000 101.000000 95.000000 61.000000
0.657000 19.091000 2.199000 102.000000 97.000000 65.000000
0.731000 19.100000 2.192000 99.000000 88.000000 58.000000
0.665000 19.112000 2.235000 120.000000 114.000000 90.000000
0.781000 19.101000 2.178000 164.000000 165.000000 157.000000
0.712000 19.093000 2.186000 97.000000 88.000000 47.000000
0.650000 19.104000 2.226000 119.000000 115.000000 90.000000
0.875000 19.119000 2.180000 51.000000 49.000000 36.000000
0.706000 19.114000 2.226000 88.000000 79.000000 50.000000
0.669000 19.106000 2.223000 58.000000 49.000000 20.000000
0.678000 19.097000 2.204000 104.000000 95.000000 64.000000
0.840000 19.119000 2.192000 49.000000 47.000000 35.000000
0.669000 19.100000 2.211000 96.000000 87.000000 56.000000
0.767000 19.108000 2.194000 155.000000 149.000000 133.000000
0.755000 19.110000 2.202000 106.000000 96.000000 60.000000
0.702000 19.117000 2.232000 62.000000 55.000000 27.000000
0.669000 19.117000 2.243000 88.000000 83.000000 64.000000
0.721000 19.105000 2.204000 93.000000 82.000000 50.000000
0.746000 19.115000 2.214000 100.000000 91.000000 60.000000
0.678000 19.115000 2.236000 119.000000 113.000000 91.000000
0.747000 19.108000 2.202000 95.000000 82.000000 48.000000
0.844000 19.119000 2.189000 46.000000 44.000000 32.000000
0.661000 19.105000 2.224000 78.000000 71.000000 45.000000
0.716000 19.099000 2.194000 97.000000 84.000000 52.000000
0.794000 19.104000 2.178000 108.000000 108.000000 96.000000
0.776000 19.109000 2.193000 165.000000 162.000000 147.000000
0.865000 19.115000 2.176000 50.000000 48.000000 35.000000
0.683000 19.104000 2.215000 85.000000 76.000000 45.000000
0.666000 19.109000 2.229000 108.000000 98.000000 73.000000
0.647000 19.117000 2.249000 68.000000 63.000000 44.000000
0.715000 19.092000 2.182000 86.000000 80.000000 46.000000
0.733000 19.097000 2.185000 101.000000 95.000000 71.000000
0.781000 19.107000 2.189000 163.000000 161.000000 149.000000
0.734000 19.114000 2.217000 95.000000 88.000000 59.000000
0.684000 19.107000 2.221000 78.000000 69.000000 40.000000
0.683000 19.086000 2.183000 97.000000 84.000000 52.000000
0.689000 19.099000 2.203000 99.000000 93.000000 61.000000
0.702000 19.091000 2.185000 96.000000 87.000000 48.000000
0.696000 19.109000 2.219000 99.000000 90.000000 59.000000
0.772000 19.097000 2.173000 147.000000 150.000000 141.000000
0.855000 19.111000 2.172000 51.000000 47.000000 35.000000
0.680000 19.080000 2.171000 122.000000 113.000000 80.000000
0.792000 19.105000 2.182000 107.000000 107.000000 97.000000
0.746000 19.089000 2.167000 143.000000 144.000000 130.000000
0.692000 19.110000 2.222000 73.000000 64.000000 35.000000
0.664000 19.100000 2.214000 70.000000 58.000000 32.000000
0.646000 19.117000 2.250000 68.000000 63.000000 44.000000
0.653000 19.075000 2.171000 118.000000 105.000000 71.000000
0.761000 19.104000 2.189000 154.000000 146.000000 133.000000
0.675000 19.092000 2.195000 98.000000 89.000000 56.000000
0.675000 19.100000 2.210000 104.000000 95.000000 64.000000
0.739000 19.115000 2.216000 96.000000 90.000000 58.000000
0.832000 19.112000 2.180000 49.000000 47.000000 35.000000
0.724000 19.119000 2.228000 106.000000 97.000000 66.000000
0.677000 19.101000 2.210000 104.000000 95.000000 64.000000
0.690000 19.104000 2.212000 104.000000 95.000000 64.000000
0.797000 19.106000 2.181000 60.000000 60.000000 50.000000
0.705000 19.087000 2.177000 101.000000 94.000000 66.000000
0.708000 19.107000 2.212000 97.000000 88.000000 57.000000
0.658000 19.091000 2.199000 102.000000 97.000000 65.000000
0.833000 19.112000 2.180000 49.000000 47.000000 35.000000
0.682000 19.090000 2.189000 96.000000 85.000000 53.000000
0.685000 19.087000 2.182000 98.000000 85.000000 51.000000
0.665000 19.103000 2.218000 57.000000 50.000000 22.000000
0.852000 19.112000 2.174000 51.000000 47.000000 35.000000
0.730000 19.110000 2.210000 95.000000 86.000000 55.000000
0.722000 19.089000 2.174000 148.000000 145.000000 128.000000
0.786000 19.105000 2.183000 157.000000 157.000000 149.000000
0.743000 19.113000 2.212000 98.000000 89.000000 58.000000
0.859000 19.117000 2.181000 50.000000 48.000000 35.000000
0.796000 19.113000 2.195000 59.000000 59.000000 47.000000
0.673000 19.089000 2.190000 100.000000 86.000000 59.000000
0.703000 19.094000 2.190000 93.000000 84.000000 45.000000
0.689000 19.098000 2.202000 99.000000 93.000000 61.000000
0.768000 19.095000 2.171000 151.000000 154.000000 145.000000
0.886000 19.118000 2.174000 52.000000 49.000000 34.000000
0.774000 19.099000 2.176000 145.000000 146.000000 138.000000
0.882000 19.119000 2.177000 52.000000 49.000000 34.000000
0.693000 19.106000 2.215000 100.000000 91.000000 60.000000
0.789000 19.099000 2.171000 160.000000 160.000000 148.000000
0.660000 19.079000 2.177000 109.000000 96.000000 64.000000
0.677000 19.113000 2.234000 117.000000 109.000000 86.000000
0.769000 19.110000 2.197000 83.000000 77.000000 55.000000
0.766000 19.110000 2.199000 89.000000 82.000000 56.000000
0.669000 19.119000 2.248000 69.000000 64.000000 45.000000
0.739000 19.100000 2.189000 90.000000 82.000000 59.000000
0.737000 19.105000 2.200000 101.000000 87.000000 58.000000
0.872000 19.119000 2.180000 51.000000 49.000000 36.000000
0.769000 19.114000 2.205000 94.000000 85.000000 54.000000
0.844000 19.116000 2.184000 47.000000 45.000000 32.000000
0.793000 19.107000 2.185000 101.000000 101.000000 93.000000
0.768000 19.105000 2.189000 158.000000 154.000000 143.000000
0.665000 19.104000 2.220000 57.000000 50.000000 22.000000
0.826000 19.111000 2.182000 42.000000 42.000000 30.000000
0.655000 19.097000 2.212000 69.000000 59.000000 32.000000
0.879000 19.116000 2.172000 51.000000 47.000000 35.000000
0.820000 19.114000 2.188000 45.000000 45.000000 33.000000
0.648000 19.111000 2.238000 92.000000 87.000000 67.000000
0.818000 19.106000 2.175000 43.000000 43.000000 31.000000
0.789000 19.103000 2.179000 149.000000 149.000000 139.000000
0.729000 19.086000 2.167000 141.000000 141.000000 129.000000
0.752000 19.103000 2.190000 86.000000 79.000000 63.000000
0.684000 19.109000 2.223000 64.000000 55.000000 26.000000
0.724000 19.090000 2.177000 148.000000 143.000000 123.000000
0.662000 19.110000 2.233000 118.000000 112.000000 88.000000
0.778000 19.096000 2.168000 151.000000 153.000000 140.000000
0.719000 19.112000 2.218000 100.000000 93.000000 64.000000
0.714000 19.097000 2.191000 97.000000 87.000000 51.000000
0.722000 19.097000 2.189000 98.000000 88.000000 53.000000
0.791000 19.116000 2.202000 103.000000 102.000000 84.000000
0.677000 19.071000 2.160000 120.000000 114.000000 82.000000
0.841000 19.092000 2.157000 46.000000 44.000000 31.000000
0.875000 19.096000 2.156000 49.000000 46.000000 27.000000
0.853000 19.092000 2.156000 46.000000 44.000000 29.000000
0.794000 19.076000 2.150000 109.000000 97.000000 73.000000
0.766000 19.089000 2.164000 113.000000 104.000000 75.000000
0.814000 19.076000 2.147000 105.000000 99.000000 77.000000
0.838000 19.107000 2.170000 51.000000 48.000000 33.000000
0.866000 19.101000 2.161000 44.000000 40.000000 28.000000
0.792000 19.076000 2.150000 109.000000 97.000000 75.000000
0.746000 19.088000 2.166000 115.000000 106.000000 77.000000
0.770000 19.092000 2.166000 114.000000 103.000000 73.000000
0.705000 19.075000 2.160000 120.000000 109.000000 79.000000
0.861000 19.103000 2.164000 46.000000 42.000000 30.000000
0.899000 19.116000 2.170000 53.000000 49.000000 37.000000
0.669000 19.073000 2.163000 119.000000 113.000000 81.000000
0.782000 19.088000 2.161000 109.000000 100.000000 71.000000
0.879000 19.098000 2.157000 49.000000 46.000000 29.000000
0.706000 19.072000 2.157000 118.000000 107.000000 77.000000
0.755000 19.091000 2.167000 115.000000 104.000000 74.000000
0.881000 19.108000 2.165000 50.000000 47.000000 40.000000
0.751000 19.084000 2.162000 114.000000 105.000000 76.000000
0.784000 19.079000 2.153000 109.000000 99.000000 72.000000
0.713000 19.080000 2.164000 119.000000 112.000000 83.000000
0.865000 19.107000 2.166000 47.000000 44.000000 29.000000
0.857000 19.099000 2.161000 47.000000 43.000000 31.000000
0.849000 19.088000 2.153000 46.000000 44.000000 29.000000
0.872000 19.098000 2.158000 46.000000 43.000000 26.000000
0.768000 19.084000 2.160000 112.000000 103.000000 74.000000
0.815000 19.094000 2.162000 107.000000 101.000000 79.000000
0.834000 19.086000 2.152000 46.000000 46.000000 36.000000
0.719000 19.080000 2.163000 118.000000 109.000000 80.000000
0.822000 19.079000 2.149000 39.000000 37.000000 25.000000
0.733000 19.073000 2.155000 116.000000 105.000000 75.000000
0.834000 19.095000 2.160000 47.000000 43.000000 31.000000
0.762000 19.078000 2.155000 112.000000 103.000000 74.000000
0.702000 19.078000 2.163000 119.000000 112.000000 83.000000
0.820000 19.089000 2.157000 48.000000 42.000000 26.000000
0.761000 19.078000 2.155000 112.000000 103.000000 74.000000
0.828000 19.090000 2.157000 44.000000 42.000000 30.000000
0.801000 19.095000 2.165000 109.000000 100.000000 71.000000
0.724000 19.073000 2.156000 117.000000 106.000000 76.000000
0.852000 19.101000 2.163000 48.000000 44.000000 33.000000
0.811000 19.079000 2.150000 106.000000 99.000000 73.000000
0.851000 19.094000 2.157000 47.000000 44.000000 29.000000
0.829000 19.090000 2.157000 44.000000 42.000000 30.000000
0.716000 19.076000 2.159000 118.000000 107.000000 77.000000
0.877000 19.097000 2.157000 47.000000 44.000000 27.000000
0.873000 19.105000 2.164000 45.000000 43.000000 31.000000
0.918000 19.114000 2.166000 55.000000 52.000000 37.000000
0.772000 19.071000 2.148000 110.000000 100.000000 73.000000
0.844000 19.083000 2.149000 43.000000 43.000000 31.000000
0.819000 19.103000 2.169000 50.000000 43.000000 25.000000
0.755000 19.080000 2.158000 113.000000 104.000000 75.000000
0.858000 19.089000 2.152000 46.000000 44.000000 29.000000
0.907000 19.115000 2.168000 54.000000 51.000000 36.000000
0.805000 19.094000 2.163000 107.000000 100.000000 72.000000
0.805000 19.071000 2.144000 109.000000 99.000000 72.000000
0.868000 19.109000 2.168000 48.000000 46.000000 31.000000
0.768000 19.070000 2.148000 110.000000 100.000000 73.000000
0.724000 19.075000 2.158000 117.000000 106.000000 76.000000
0.756000 19.071000 2.150000 111.000000 101.000000 74.000000
0.797000 19.075000 2.148000 109.000000 97.000000 73.000000
0.692000 19.078000 2.165000 120.000000 114.000000 82.000000
0.769000 19.070000 2.148000 110.000000 100.000000 73.000000
0.923000 19.117000 2.168000 55.000000 52.000000 37.000000
0.762000 19.071000 2.149000 110.000000 100.000000 73.000000
0.879000 19.111000 2.168000 50.000000 47.000000 38.000000
0.689000 19.070000 2.158000 118.000000 112.000000 80.000000
0.422000 18.973000 2.129000 108.000000 100.000000 77.000000
0.444000 18.974000 2.128000 110.000000 100.000000 75.000000
0.466000 18.975000 2.130000 118.000000 112.000000 88.000000
0.433000 18.974000 2.132000 108.000000 97.000000 75.000000
0.997000 19.109000 2.319000 103.000000 93.000000 57.000000
0.921000 19.113000 2.319000 113.000000 104.000000 65.000000
0.891000 19.108000 2.319000 103.000000 94.000000 55.000000
1.108000 19.120000 2.319000 114.000000 104.000000 69.000000
1.140000 19.112000 2.319000 100.000000 89.000000 57.000000
1.054000 19.117000 2.319000 112.000000 103.000000 72.000000
0.875000 19.112000 2.319000 113.000000 103.000000 67.000000
1.163000 19.117000 2.319000 105.000000 96.000000 57.000000
0.816000 19.110000 2.319000 111.000000 102.000000 61.000000
1.149000 19.110000 2.319000 104.000000 93.000000 61.000000
1.145000 19.112000 2.319000 100.000000 89.000000 57.000000
1.132000 19.108000 2.319000 99.000000 88.000000 56.000000
0.760000 19.110000 2.319000 107.000000 97.000000 62.000000
0.999000 19.108000 2.319000 99.000000 89.000000 53.000000
0.937000 19.111000 2.319000 105.000000 96.000000 57.000000
1.026000 19.118000 2.319000 114.000000 104.000000 69.000000
1.088000 19.120000 2.319000 116.000000 102.000000 76.000000
0.681000 19.106000 2.318000 101.000000 91.000000 55.000000
0.972000 19.111000 2.319000 106.000000 97.000000 58.000000
1.123000 19.117000 2.319000 107.000000 100.000000 56.000000
1.169000 19.114000 2.320000 102.000000 91.000000 59.000000
1.120000 19.119000 2.319000 111.000000 102.000000 73.000000
1.078000 19.110000 2.319000 103.000000 92.000000 62.000000
0.952000 19.111000 2.319000 114.000000 105.000000 66.000000
0.646000 19.106000 2.318000 97.000000 87.000000 52.000000
1.107000 19.110000 2.319000 100.000000 90.000000 55.000000
1.174000 19.117000 2.319000 108.000000 97.000000 65.000000
0.966000 19.113000 2.319000 111.000000 102.000000 63.000000
0.751000 19.108000 2.319000 106.000000 96.000000 61.000000
1.118000 19.108000 2.319000 100.000000 90.000000 55.000000
1.167000 19.114000 2.319000 101.000000 90.000000 58.000000
0.931000 19.113000 2.319000 112.000000 103.000000 64.000000
0.973000 19.109000 2.319000 106.000000 97.000000 58.000000
1.108000 19.116000 2.319000 112.000000 104.000000 65.000000
1.096000 19.121000 2.319000 117.000000 103.000000 76.000000
0.755000 19.109000 2.319000 108.000000 98.000000 63.000000
1.019000 19.117000 2.319000 111.000000 103.000000 67.000000
0.787000 19.109000 2.319000 112.000000 100.000000 60.000000
0.899000 19.109000 2.319000 109.000000 100.000000 61.000000
1.121000 19.120000 2.319000 111.000000 102.000000 73.000000
1.162000 19.120000 2.319000 112.000000 102.000000 67.000000
0.781000 19.109000 2.319000 106.000000 96.000000 60.000000
0.794000 19.110000 2.319000 110.000000 101.000000 60.000000
0.897000 19.110000 2.319000 109.000000 100.000000 61.000000
0.912000 19.109000 2.319000 112.000000 103.000000 64.000000
1.092000 19.120000 2.319000 113.000000 102.000000 72.000000
0.690000 19.009000 2.131000 110.000000 98.000000 72.000000
0.647000 19.005000 2.132000 116.000000 105.000000 75.000000
0.566000 19.000000 2.135000 126.000000 120.000000 86.000000
0.496000 18.991000 2.136000 144.000000 134.000000 98.000000
0.536000 18.998000 2.136000 129.000000 120.000000 87.000000
0.531000 18.987000 2.132000 126.000000 120.000000 86.000000
0.614000 19.008000 2.134000 118.000000 109.000000 80.000000
0.703000 19.009000 2.130000 109.000000 97.000000 73.000000
0.651000 18.997000 2.129000 114.000000 103.000000 75.000000
0.606000 19.002000 2.133000 119.000000 110.000000 81.000000
0.612000 18.998000 2.131000 117.000000 108.000000 79.000000
0.610000 18.988000 2.128000 117.000000 106.000000 78.000000
0.631000 18.997000 2.130000 116.000000 105.000000 77.000000
0.589000 18.994000 2.131000 120.000000 113.000000 84.000000
0.549000 19.007000 2.138000 129.000000 120.000000 87.000000
0.617000 19.005000 2.133000 118.000000 109.000000 80.000000
0.487000 18.982000 2.133000 144.000000 134.000000 99.000000
0.553000 18.998000 2.135000 130.000000 124.000000 90.000000
0.662000 19.000000 2.129000 113.000000 102.000000 74.000000
0.683000 19.001000 2.128000 110.000000 98.000000 72.000000
0.544000 18.978000 2.128000 126.000000 120.000000 88.000000
0.530000 18.998000 2.136000 133.000000 124.000000 91.000000
0.567000 18.999000 2.134000 126.000000 120.000000 86.000000
0.519000 18.981000 2.131000 129.000000 120.000000 87.000000
0.465000 18.978000 2.133000 147.000000 135.000000 97.000000
0.572000 18.992000 2.132000 119.000000 113.000000 81.000000
0.556000 18.991000 2.132000 127.000000 121.000000 87.000000
0.672000 19.006000 2.130000 113.000000 102.000000 74.000000
0.509000 18.986000 2.133000 137.000000 129.000000 93.000000
0.676000 18.999000 2.128000 110.000000 98.000000 72.000000
0.615000 18.989000 2.128000 118.000000 107.000000 79.000000
0.689000 19.002000 2.128000 109.000000 97.000000 71.000000
0.648000 19.004000 2.131000 115.000000 104.000000 74.000000
0.727000 19.007000 2.128000 147.000000 141.000000 125.000000
0.515000 18.993000 2.135000 137.000000 129.000000 93.000000
0.606000 19.000000 2.132000 119.000000 110.000000 81.000000
0.623000 18.993000 2.129000 117.000000 106.000000 78.000000
0.568000 19.000000 2.134000 126.000000 120.000000 86.000000
0.584000 19.004000 2.135000 120.000000 114.000000 82.000000
0.601000 18.994000 2.131000 119.000000 110.000000 81.000000
0.581000 19.000000 2.134000 120.000000 114.000000 82.000000
0.635000 19.005000 2.132000 119.000000 108.000000 80.000000
0.610000 19.006000 2.134000 119.000000 110.000000 81.000000
0.618000 18.998000 2.131000 117.000000 108.000000 79.000000
0.432000 18.976000 2.134000 149.000000 138.000000 92.000000
0.578000 18.986000 2.129000 120.000000 114.000000 82.000000
0.538000 18.981000 2.130000 132.000000 126.000000 94.000000
0.569000 18.993000 2.132000 120.000000 114.000000 82.000000
0.641000 19.001000 2.131000 116.000000 105.000000 77.000000
0.582000 18.995000 2.132000 120.000000 114.000000 82.000000
0.550000 18.986000 2.131000 128.000000 122.000000 90.000000
0.636000 18.998000 2.130000 116.000000 105.000000 77.000000
0.566000 18.985000 2.129000 119.000000 113.000000 81.000000
0.597000 19.013000 2.139000 118.000000 113.000000 81.000000
0.904000 19.019000 2.138000 57.000000 51.000000 37.000000
0.827000 19.013000 2.131000 97.000000 91.000000 65.000000
0.949000 19.021000 2.138000 54.000000 51.000000 36.000000
1.010000 19.017000 2.130000 64.000000 59.000000 40.000000
0.850000 19.019000 2.140000 48.000000 46.000000 33.000000
0.722000 19.015000 2.137000 106.000000 96.000000 69.000000
0.843000 19.014000 2.132000 107.000000 100.000000 82.000000
0.757000 19.010000 2.128000 139.000000 139.000000 127.000000
0.751000 19.013000 2.134000 102.000000 97.000000 77.000000
0.932000 19.016000 2.132000 53.000000 50.000000 35.000000
0.714000 19.017000 2.141000 106.000000 95.000000 65.000000
0.781000 19.016000 2.137000 101.000000 91.000000 64.000000
0.888000 19.024000 2.146000 46.000000 42.000000 30.000000
0.880000 19.014000 2.131000 56.000000 49.000000 31.000000
0.882000 19.020000 2.139000 53.000000 51.000000 38.000000
0.815000 19.021000 2.144000 162.000000 156.000000 144.000000
0.693000 19.015000 2.139000 110.000000 99.000000 71.000000
0.942000 19.014000 2.128000 53.000000 50.000000 35.000000
0.884000 19.017000 2.134000 50.000000 47.000000 32.000000
0.917000 19.019000 2.137000 51.000000 48.000000 33.000000
0.997000 19.017000 2.131000 62.000000 57.000000 38.000000
0.830000 19.013000 2.131000 106.000000 100.000000 74.000000
0.948000 19.025000 2.145000 55.000000 52.000000 37.000000
0.747000 19.018000 2.141000 101.000000 94.000000 68.000000
0.645000 19.013000 2.138000 117.000000 106.000000 78.000000
0.686000 19.013000 2.137000 111.000000 100.000000 72.000000
0.970000 19.017000 2.131000 56.000000 53.000000 36.000000
0.710000 19.011000 2.131000 109.000000 97.000000 75.000000
0.883000 19.013000 2.129000 43.000000 36.000000 18.000000
0.759000 19.014000 2.134000 105.000000 100.000000 78.000000
0.682000 19.010000 2.132000 111.000000 100.000000 72.000000
0.689000 19.015000 2.139000 110.000000 99.000000 71.000000
0.982000 19.025000 2.143000 59.000000 53.000000 39.000000
0.784000 19.020000 2.144000 103.000000 92.000000 60.000000
0.942000 19.020000 2.137000 53.000000 50.000000 35.000000
0.899000 19.027000 2.151000 51.000000 47.000000 35.000000
0.718000 19.018000 2.143000 106.000000 95.000000 63.000000
0.845000 19.018000 2.138000 45.000000 43.000000 30.000000
0.900000 19.013000 2.128000 51.000000 45.000000 29.000000
0.873000 19.019000 2.138000 47.000000 45.000000 32.000000
0.832000 19.021000 2.143000 46.000000 43.000000 34.000000
0.842000 19.018000 2.137000 44.000000 41.000000 26.000000
0.752000 19.019000 2.143000 102.000000 92.000000 65.000000
1.003000 19.020000 2.134000 62.000000 57.000000 38.000000
0.725000 19.014000 2.136000 103.000000 95.000000 72.000000
0.785000 19.011000 2.129000 146.000000 143.000000 128.000000
0.994000 19.024000 2.141000 60.000000 53.000000 35.000000
0.999000 19.023000 2.139000 60.000000 55.000000 36.000000
0.976000 19.021000 2.138000 55.000000 52.000000 33.000000
0.749000 19.015000 2.137000 100.000000 94.000000 70.000000
1.009000 19.020000 2.135000 62.000000 57.000000 38.000000
0.873000 19.020000 2.140000 47.000000 45.000000 32.000000
0.996000 19.023000 2.140000 59.000000 53.000000 37.000000
0.902000 19.025000 2.147000 50.000000 46.000000 34.000000
0.924000 19.023000 2.143000 52.000000 49.000000 34.000000
0.784000 19.012000 2.130000 146.000000 143.000000 128.000000
0.943000 19.016000 2.130000 54.000000 51.000000 36.000000
0.806000 19.017000 2.139000 97.000000 90.000000 71.000000
0.873000 19.016000 2.133000 47.000000 41.000000 25.000000
0.995000 19.019000 2.134000 62.000000 57.000000 38.000000
0.897000 19.014000 2.129000 48.000000 42.000000 26.000000
0.897000 19.024000 2.147000 48.000000 44.000000 32.000000
1.012000 19.020000 2.134000 63.000000 58.000000 39.000000
0.982000 19.017000 2.131000 58.000000 56.000000 35.000000
0.962000 19.020000 2.136000 51.000000 48.000000 33.000000
0.758000 19.011000 2.130000 143.000000 141.000000 126.000000
0.870000 19.017000 2.136000 41.000000 38.000000 23.000000
0.985000 19.024000 2.142000 60.000000 53.000000 35.000000
0.960000 19.016000 2.130000 56.000000 53.000000 38.000000
0.789000 19.021000 2.145000 153.000000 154.000000 140.000000
0.817000 19.014000 2.132000 100.000000 95.000000 66.000000
0.940000 19.027000 2.149000 54.000000 51.000000 36.000000
0.965000 19.016000 2.129000 57.000000 54.000000 37.000000
0.914000 19.019000 2.137000 51.000000 48.000000 33.000000
0.659000 19.016000 2.142000 115.000000 104.000000 74.000000
0.832000 19.012000 2.128000 106.000000 99.000000 80.000000
0.775000 19.015000 2.136000 99.000000 93.000000 69.000000
1.000000 19.018000 2.131000 62.000000 57.000000 38.000000
0.862000 19.023000 2.145000 47.000000 45.000000 32.000000
0.764000 19.012000 2.131000 144.000000 142.000000 127.000000
0.996000 19.021000 2.137000 61.000000 56.000000 37.000000
0.957000 19.016000 2.129000 54.000000 51.000000 36.000000
0.860000 19.024000 2.147000 48.000000 46.000000 33.000000
0.864000 19.013000 2.129000 103.000000 96.000000 78.000000
0.945000 19.018000 2.134000 53.000000 50.000000 35.000000
0.818000 19.021000 2.144000 129.000000 126.000000 117.000000
0.710000 19.018000 2.143000 106.000000 95.000000 65.000000
0.836000 19.013000 2.131000 95.000000 89.000000 65.000000
0.780000 19.041000 2.144000 105.000000 98.000000 70.000000
0.854000 19.031000 2.149000 100.000000 93.000000 65.000000
0.922000 19.033000 2.152000 100.000000 93.000000 65.000000
0.845000 19.042000 2.147000 101.000000 94.000000 66.000000
0.843000 19.036000 2.148000 102.000000 95.000000 67.000000
0.657000 19.025000 2.141000 117.000000 108.000000 79.000000
0.764000 19.031000 2.145000 102.000000 95.000000 67.000000
0.763000 19.022000 2.146000 100.000000 93.000000 65.000000
0.706000 19.028000 2.142000 110.000000 101.000000 72.000000
0.815000 19.064000 2.142000 108.000000 100.000000 77.000000
0.910000 19.030000 2.152000 99.000000 92.000000 64.000000
0.901000 19.037000 2.150000 100.000000 93.000000 65.000000
0.883000 19.044000 2.148000 103.000000 96.000000 70.000000
0.830000 19.026000 2.148000 101.000000 94.000000 66.000000
0.787000 19.022000 2.147000 101.000000 94.000000 66.000000
0.878000 19.033000 2.150000 99.000000 92.000000 66.000000
0.771000 19.056000 2.141000 109.000000 99.000000 74.000000
0.892000 19.039000 2.150000 99.000000 92.000000 66.000000
0.808000 19.066000 2.142000 110.000000 100.000000 73.000000
0.890000 19.040000 2.149000 100.000000 93.000000 67.000000
0.741000 19.043000 2.142000 110.000000 98.000000 72.000000
0.737000 19.050000 2.141000 112.000000 101.000000 73.000000
0.903000 19.029000 2.152000 97.000000 90.000000 62.000000
0.631000 19.022000 2.140000 117.000000 108.000000 79.000000
0.769000 19.023000 2.146000 99.000000 92.000000 64.000000
0.882000 19.036000 2.149000 101.000000 94.000000 68.000000
0.822000 19.055000 2.144000 106.000000 98.000000 77.000000
0.770000 19.029000 2.145000 102.000000 95.000000 67.000000
0.807000 19.052000 2.144000 107.000000 98.000000 69.000000
0.882000 19.041000 2.149000 103.000000 96.000000 70.000000
0.833000 19.047000 2.145000 104.000000 94.000000 69.000000
0.768000 19.028000 2.145000 101.000000 94.000000 66.000000
0.702000 19.043000 2.140000 116.000000 105.000000 77.000000
0.696000 19.040000 2.140000 115.000000 106.000000 77.000000
0.657000 19.023000 2.141000 117.000000 108.000000 79.000000
0.824000 19.051000 2.144000 104.000000 93.000000 73.000000
0.899000 19.035000 2.150000 100.000000 93.000000 65.000000
0.787000 19.039000 2.145000 103.000000 96.000000 68.000000
0.841000 19.055000 2.145000 104.000000 97.000000 69.000000
0.802000 19.041000 2.145000 103.000000 93.000000 68.000000
0.676000 19.021000 2.142000 114.000000 105.000000 76.000000
0.718000 19.022000 2.144000 105.000000 96.000000 67.000000
0.678000 19.022000 2.142000 114.000000 105.000000 76.000000
0.789000 19.062000 2.141000 109.000000 99.000000 72.000000
0.738000 19.045000 2.141000 110.000000 98.000000 72.000000
0.828000 19.049000 2.145000 106.000000 96.000000 71.000000
0.872000 19.047000 2.147000 103.000000 96.000000 70.000000
0.745000 19.053000 2.140000 112.000000 101.000000 73.000000
0.710000 19.019000 2.144000 105.000000 96.000000 67.000000
0.724000 19.044000 2.141000 113.000000 102.000000 74.000000
0.791000 19.045000 2.144000 104.000000 97.000000 69.000000
0.776000 19.041000 2.144000 105.000000 98.000000 70.000000
0.840000 19.036000 2.148000 102.000000 95.000000 67.000000
0.857000 19.033000 2.149000 100.000000 93.000000 65.000000
0.725000 19.026000 2.144000 105.000000 96.000000 67.000000
0.884000 19.036000 2.149000 101.000000 94.000000 68.000000
0.685000 19.038000 2.140000 116.000000 107.000000 78.000000
0.759000 19.023000 2.146000 101.000000 94.000000 66.000000
0.802000 19.055000 2.143000 107.000000 97.000000 70.000000
0.689000 19.029000 2.141000 113.000000 104.000000 75.000000
0.899000 19.035000 2.150000 100.000000 93.000000 65.000000
0.663000 19.020000 2.142000 115.000000 106.000000 77.000000
0.640000 19.026000 2.140000 117.000000 107.000000 80.000000
0.835000 19.039000 2.147000 103.000000 93.000000 68.000000
0.848000 19.035000 2.148000 102.000000 95.000000 67.000000
0.902000 19.034000 2.151000 99.000000 92.000000 64.000000
0.871000 19.038000 2.149000 103.000000 96.000000 68.000000
0.884000 19.045000 2.148000 102.000000 95.000000 69.000000
0.848000 19.054000 2.145000 101.000000 94.000000 66.000000
0.681000 19.024000 2.142000 115.000000 106.000000 77.000000
0.793000 19.061000 2.142000 110.000000 98.000000 76.000000
0.749000 19.041000 2.142000 107.000000 97.000000 72.000000
0.643000 19.025000 2.140000 117.000000 107.000000 80.000000
0.890000 19.040000 2.149000 100.000000 93.000000 67.000000
0.790000 19.025000 2.147000 102.000000 95.000000 67.000000
0.829000 19.044000 2.146000 103.000000 93.000000 68.000000
0.724000 19.023000 2.144000 105.000000 96.000000 67.000000
0.723000 19.032000 2.143000 107.000000 98.000000 69.000000
0.589000 19.014000 2.139000 122.000000 116.000000 84.000000
0.646000 19.017000 2.141000 116.000000 107.000000 78.000000
0.798000 19.058000 2.142000 110.000000 98.000000 74.000000
0.833000 19.062000 2.143000 103.000000 97.000000 75.000000
0.729000 19.048000 2.140000 113.000000 102.000000 74.000000
0.831000 19.034000 2.147000 101.000000 94.000000 66.000000
0.938000 19.115000 2.162000 57.000000 51.000000 35.000000
0.904000 19.102000 2.155000 52.000000 49.000000 34.000000
0.943000 19.099000 2.143000 55.000000 52.000000 35.000000
0.950000 19.113000 2.157000 57.000000 52.000000 33.000000
0.922000 19.113000 2.163000 55.000000 52.000000 37.000000
0.923000 19.113000 2.163000 55.000000 52.000000 37.000000
0.908000 19.091000 2.143000 49.000000 46.000000 31.000000
0.932000 19.109000 2.158000 52.000000 49.000000 34.000000
0.880000 19.094000 2.152000 52.000000 49.000000 30.000000
0.957000 19.115000 2.158000 59.000000 54.000000 34.000000
0.945000 19.095000 2.139000 56.000000 53.000000 36.000000
0.937000 19.106000 2.153000 53.000000 50.000000 35.000000
0.865000 19.083000 2.145000 45.000000 41.000000 29.000000
0.859000 19.082000 2.145000 45.000000 43.000000 31.000000
0.961000 19.118000 2.161000 59.000000 54.000000 34.000000
0.950000 19.100000 2.143000 57.000000 54.000000 35.000000
0.940000 19.096000 2.141000 54.000000 51.000000 36.000000
0.897000 19.094000 2.149000 52.000000 49.000000 34.000000
0.946000 19.114000 2.159000 54.000000 51.000000 32.000000
0.903000 19.106000 2.161000 53.000000 50.000000 33.000000
0.895000 19.087000 2.141000 54.000000 48.000000 34.000000
0.948000 19.096000 2.138000 57.000000 54.000000 35.000000
0.845000 19.078000 2.143000 47.000000 45.000000 33.000000
0.952000 19.100000 2.142000 58.000000 53.000000 34.000000
0.945000 19.104000 2.149000 59.000000 56.000000 39.000000
0.942000 19.118000 2.165000 59.000000 53.000000 37.000000
0.857000 19.084000 2.147000 46.000000 44.000000 31.000000
0.915000 19.089000 2.139000 51.000000 48.000000 33.000000
0.869000 19.087000 2.147000 50.000000 47.000000 30.000000
0.949000 19.099000 2.142000 57.000000 54.000000 35.000000
0.932000 19.100000 2.147000 54.000000 52.000000 37.000000
0.919000 19.100000 2.150000 53.000000 51.000000 36.000000
0.926000 19.099000 2.148000 54.000000 52.000000 37.000000
0.860000 19.080000 2.142000 42.000000 38.000000 26.000000
0.964000 19.110000 2.150000 64.000000 59.000000 39.000000
0.876000 19.094000 2.154000 52.000000 49.000000 30.000000
0.893000 19.094000 2.150000 52.000000 49.000000 34.000000
1.000000 19.034000 2.153000 58.000000 52.000000 36.000000
1.080000 19.029000 2.140000 68.000000 65.000000 50.000000
1.122000 19.021000 2.128000 80.000000 77.000000 60.000000
0.946000 19.037000 2.160000 54.000000 51.000000 36.000000
0.969000 19.047000 2.171000 57.000000 51.000000 37.000000
0.994000 19.040000 2.160000 56.000000 53.000000 36.000000
1.114000 19.024000 2.132000 77.000000 74.000000 59.000000
1.032000 19.030000 2.145000 61.000000 58.000000 43.000000
0.965000 19.045000 2.169000 57.000000 51.000000 37.000000
1.011000 19.035000 2.154000 57.000000 54.000000 39.000000
0.971000 19.032000 2.153000 58.000000 52.000000 38.000000
1.084000 19.028000 2.139000 68.000000 65.000000 50.000000
0.961000 19.047000 2.171000 55.000000 52.000000 37.000000
0.984000 19.036000 2.156000 58.000000 52.000000 36.000000
1.091000 19.023000 2.132000 72.000000 69.000000 54.000000
1.015000 19.027000 2.144000 59.000000 56.000000 39.000000
0.990000 19.036000 2.156000 58.000000 55.000000 38.000000
1.060000 19.025000 2.138000 65.000000 62.000000 47.000000
0.958000 19.027000 2.149000 56.000000 53.000000 38.000000
1.051000 19.031000 2.145000 62.000000 59.000000 44.000000
1.028000 19.028000 2.144000 60.000000 57.000000 42.000000
1.065000 19.036000 2.150000 64.000000 61.000000 46.000000
1.006000 19.047000 2.167000 56.000000 53.000000 38.000000
0.979000 19.042000 2.164000 58.000000 52.000000 38.000000
1.053000 19.031000 2.145000 63.000000 60.000000 45.000000
1.060000 19.022000 2.134000 64.000000 61.000000 46.000000
1.011000 19.023000 2.140000 61.000000 55.000000 39.000000
0.983000 19.043000 2.164000 58.000000 52.000000 38.000000
0.998000 19.038000 2.158000 57.000000 54.000000 37.000000
0.969000 19.041000 2.163000 57.000000 51.000000 37.000000
1.026000 19.042000 2.160000 59.000000 55.000000 43.000000
1.048000 19.026000 2.139000 63.000000 60.000000 45.000000
1.059000 19.031000 2.144000 64.000000 61.000000 46.000000
0.990000 19.028000 2.147000 60.000000 54.000000 38.000000
1.009000 19.034000 2.152000 56.000000 53.000000 36.000000
0.953000 19.032000 2.155000 54.000000 51.000000 36.000000
0.997000 19.035000 2.155000 57.000000 54.000000 37.000000
1.010000 19.036000 2.155000 56.000000 53.000000 38.000000
1.051000 19.034000 2.149000 61.000000 58.000000 43.000000
0.985000 19.030000 2.150000 58.000000 52.000000 36.000000
1.025000 19.028000 2.144000 60.000000 57.000000 42.000000
0.983000 19.031000 2.151000 58.000000 52.000000 36.000000
0.974000 19.047000 2.169000 58.000000 52.000000 38.000000
0.981000 19.027000 2.147000 60.000000 54.000000 40.000000
1.121000 19.021000 2.128000 80.000000 77.000000 60.000000
0.972000 19.030000 2.151000 58.000000 52.000000 38.000000
1.070000 19.028000 2.141000 64.000000 61.000000 46.000000
1.058000 19.026000 2.138000 65.000000 62.000000 47.000000
0.976000 19.039000 2.161000 58.000000 52.000000 38.000000
0.967000 19.035000 2.157000 57.000000 51.000000 37.000000
1.032000 19.029000 2.145000 61.000000 58.000000 43.000000
1.051000 19.025000 2.138000 64.000000 61.000000 46.000000
0.969000 19.047000 2.170000 57.000000 51.000000 37.000000
1.070000 19.034000 2.147000 64.000000 61.000000 46.000000
1.112000 19.047000 2.168000 68.000000 62.000000 50.000000
1.149000 19.028000 2.137000 78.000000 71.000000 61.000000
1.138000 19.030000 2.140000 78.000000 71.000000 61.000000
1.169000 19.024000 2.130000 87.000000 83.000000 72.000000
1.047000 19.049000 2.170000 58.000000 54.000000 42.000000
1.047000 19.047000 2.167000 58.000000 54.000000 42.000000
1.052000 19.044000 2.163000 59.000000 55.000000 43.000000
1.060000 19.049000 2.170000 59.000000 55.000000 43.000000
1.078000 19.041000 2.157000 62.000000 58.000000 46.000000
1.116000 19.044000 2.162000 69.000000 62.000000 52.000000
1.105000 19.034000 2.146000 70.000000 66.000000 55.000000
1.027000 19.048000 2.169000 58.000000 54.000000 42.000000
1.048000 19.042000 2.158000 60.000000 56.000000 44.000000
1.140000 19.031000 2.142000 78.000000 71.000000 61.000000
1.032000 19.054000 2.179000 58.000000 54.000000 42.000000
1.098000 19.040000 2.157000 65.000000 61.000000 50.000000
1.118000 19.039000 2.155000 71.000000 64.000000 56.000000
1.094000 19.050000 2.172000 61.000000 57.000000 46.000000
1.043000 19.044000 2.162000 59.000000 55.000000 43.000000
1.089000 19.053000 2.176000 60.000000 56.000000 45.000000
1.082000 19.046000 2.166000 62.000000 58.000000 47.000000
1.073000 19.036000 2.150000 64.000000 61.000000 46.000000
1.039000 19.043000 2.160000 59.000000 55.000000 43.000000
1.112000 19.043000 2.160000 69.000000 62.000000 52.000000
1.021000 19.051000 2.173000 56.000000 52.000000 40.000000
1.037000 19.048000 2.169000 58.000000 54.000000 42.000000
1.157000 19.024000 2.131000 93.000000 83.000000 73.000000
1.110000 19.037000 2.152000 72.000000 65.000000 57.000000
1.146000 19.027000 2.136000 79.000000 72.000000 62.000000
1.136000 19.038000 2.152000 75.000000 69.000000 57.000000
1.007000 19.052000 2.175000 55.000000 53.000000 38.000000
1.106000 19.046000 2.166000 63.000000 59.000000 48.000000
1.082000 19.036000 2.150000 62.000000 58.000000 47.000000
1.001000 19.051000 2.174000 55.000000 53.000000 38.000000
1.090000 19.044000 2.162000 64.000000 60.000000 51.000000
1.071000 19.043000 2.160000 61.000000 57.000000 45.000000
1.066000 19.040000 2.156000 61.000000 58.000000 43.000000
1.115000 19.027000 2.135000 77.000000 74.000000 59.000000
1.126000 19.032000 2.143000 75.000000 68.000000 58.000000
1.109000 19.047000 2.168000 66.000000 60.000000 48.000000
1.143000 19.032000 2.144000 77.000000 71.000000 59.000000
1.121000 19.030000 2.140000 77.000000 70.000000 60.000000
1.122000 19.025000 2.133000 79.000000 76.000000 61.000000
1.020000 19.046000 2.165000 58.000000 54.000000 42.000000
1.145000 19.031000 2.142000 78.000000 71.000000 61.000000
1.082000 19.048000 2.169000 61.000000 57.000000 46.000000
1.086000 19.044000 2.163000 63.000000 59.000000 50.000000
1.136000 19.023000 2.130000 80.000000 72.000000 59.000000
1.155000 19.026000 2.134000 91.000000 81.000000 71.000000
1.113000 19.039000 2.154000 72.000000 65.000000 57.000000
1.127000 19.077000 2.172000 73.000000 67.000000 53.000000
1.146000 19.080000 2.164000 78.000000 75.000000 60.000000
1.163000 19.091000 2.160000 81.000000 79.000000 66.000000
1.144000 19.049000 2.154000 75.000000 71.000000 59.000000
1.110000 19.055000 2.172000 68.000000 62.000000 48.000000
1.173000 19.070000 2.148000 88.000000 85.000000 70.000000
1.183000 19.061000 2.140000 80.000000 78.000000 66.000000
1.157000 19.035000 2.142000 86.000000 80.000000 68.000000
1.131000 19.055000 2.162000 72.000000 69.000000 54.000000
1.154000 19.104000 2.169000 80.000000 76.000000 64.000000
1.136000 19.079000 2.169000 76.000000 70.000000 56.000000
1.180000 19.053000 2.138000 82.000000 80.000000 68.000000
1.150000 19.097000 2.169000 80.000000 76.000000 64.000000
1.171000 19.090000 2.156000 85.000000 83.000000 70.000000
1.137000 19.051000 2.158000 74.000000 70.000000 58.000000
1.116000 19.060000 2.171000 69.000000 63.000000 49.000000
1.161000 19.067000 2.152000 83.000000 80.000000 65.000000
1.159000 19.115000 2.171000 81.000000 77.000000 65.000000
1.157000 19.038000 2.143000 90.000000 84.000000 72.000000
1.154000 19.093000 2.165000 81.000000 77.000000 65.000000
1.174000 19.041000 2.137000 90.000000 84.000000 72.000000
1.171000 19.077000 2.151000 87.000000 85.000000 72.000000
1.171000 19.083000 2.153000 86.000000 84.000000 71.000000
1.159000 19.070000 2.154000 82.000000 79.000000 64.000000
1.112000 19.058000 2.172000 68.000000 62.000000 48.000000
1.174000 19.077000 2.150000 87.000000 85.000000 73.000000
1.159000 19.084000 2.160000 83.000000 79.000000 67.000000
1.159000 19.083000 2.159000 83.000000 79.000000 67.000000
1.174000 19.090000 2.155000 86.000000 82.000000 71.000000
1.183000 19.042000 2.132000 85.000000 83.000000 71.000000
1.165000 19.089000 2.159000 81.000000 79.000000 66.000000
1.181000 19.060000 2.141000 81.000000 79.000000 67.000000
1.165000 19.044000 2.142000 86.000000 80.000000 68.000000
1.192000 19.060000 2.135000 80.000000 77.000000 68.000000
1.170000 19.054000 2.143000 83.000000 79.000000 67.000000
1.112000 19.054000 2.171000 68.000000 62.000000 48.000000
1.174000 19.081000 2.151000 87.000000 83.000000 72.000000
1.119000 19.061000 2.170000 70.000000 64.000000 50.000000
1.125000 19.047000 2.162000 73.000000 66.000000 56.000000
1.184000 19.048000 2.135000 83.000000 81.000000 69.000000
1.150000 19.038000 2.147000 79.000000 73.000000 61.000000
1.170000 19.091000 2.157000 85.000000 83.000000 70.000000
1.135000 19.052000 2.159000 74.000000 71.000000 56.000000
1.112000 19.054000 2.171000 68.000000 62.000000 48.000000
1.155000 19.041000 2.145000 86.000000 80.000000 68.000000
1.172000 19.047000 2.140000 89.000000 83.000000 71.000000
1.140000 19.081000 2.168000 75.000000 72.000000 57.000000
1.112000 19.064000 2.174000 68.000000 62.000000 48.000000
1.168000 19.052000 2.143000 83.000000 79.000000 67.000000
1.126000 19.074000 2.171000 72.000000 66.000000 52.000000
1.123000 19.061000 2.168000 72.000000 66.000000 52.000000
1.146000 19.103000 2.173000 77.000000 74.000000 59.000000
1.154000 19.108000 2.171000 80.000000 76.000000 64.000000
1.191000 19.045000 2.130000 86.000000 84.000000 72.000000
1.166000 19.072000 2.152000 81.000000 78.000000 63.000000
1.115000 19.072000 2.176000 68.000000 62.000000 48.000000
1.144000 19.047000 2.153000 75.000000 71.000000 59.000000
1.183000 19.068000 2.142000 81.000000 79.000000 67.000000
1.101000 19.057000 2.177000 63.000000 60.000000 45.000000
1.181000 19.051000 2.137000 82.000000 80.000000 68.000000
1.163000 19.113000 2.172000 80.000000 76.000000 64.000000
1.213000 19.087000 2.201000 78.000000 67.000000 63.000000
1.197000 19.060000 2.140000 79.000000 75.000000 66.000000
1.207000 19.080000 2.182000 74.000000 67.000000 57.000000
1.189000 19.068000 2.142000 81.000000 79.000000 67.000000
1.214000 19.056000 2.158000 72.000000 67.000000 61.000000
1.192000 19.106000 2.200000 84.000000 73.000000 69.000000
1.208000 19.049000 2.139000 71.000000 67.000000 58.000000
1.164000 19.116000 2.178000 77.000000 73.000000 62.000000
1.213000 19.037000 2.128000 81.000000 76.000000 70.000000
1.194000 19.095000 2.189000 73.000000 67.000000 55.000000
1.196000 19.104000 2.203000 79.000000 68.000000 66.000000
1.204000 19.059000 2.149000 75.000000 70.000000 67.000000
1.214000 19.078000 2.189000 73.000000 63.000000 53.000000
1.210000 19.086000 2.196000 73.000000 62.000000 56.000000
1.205000 19.084000 2.186000 70.000000 64.000000 52.000000
1.185000 19.076000 2.148000 79.000000 75.000000 66.000000
1.208000 19.081000 2.186000 71.000000 65.000000 53.000000
1.191000 19.096000 2.184000 74.000000 68.000000 56.000000
1.213000 19.049000 2.145000 68.000000 63.000000 59.000000
1.181000 19.086000 2.156000 81.000000 77.000000 68.000000
1.192000 19.099000 2.191000 76.000000 66.000000 54.000000
1.192000 19.070000 2.148000 77.000000 72.000000 66.000000
1.207000 19.050000 2.138000 72.000000 68.000000 59.000000
1.181000 19.095000 2.170000 78.000000 71.000000 63.000000
1.188000 19.069000 2.141000 81.000000 79.000000 67.000000
1.211000 19.087000 2.198000 75.000000 64.000000 60.000000
1.214000 19.057000 2.158000 72.000000 67.000000 61.000000
1.210000 19.078000 2.183000 73.000000 67.000000 55.000000
1.179000 19.103000 2.180000 78.000000 71.000000 61.000000
1.208000 19.074000 2.175000 71.000000 64.000000 56.000000
1.187000 19.081000 2.157000 77.000000 73.000000 64.000000
1.214000 19.071000 2.178000 76.000000 69.000000 59.000000
1.191000 19.081000 2.163000 76.000000 71.000000 65.000000
1.183000 19.100000 2.181000 77.000000 70.000000 60.000000
1.187000 19.097000 2.182000 76.000000 69.000000 59.000000
1.206000 19.065000 2.160000 73.000000 69.000000 60.000000
1.209000 19.051000 2.143000 70.000000 65.000000 62.000000
1.221000 19.043000 2.148000 68.000000 63.000000 57.000000
1.202000 19.061000 2.149000 76.000000 71.000000 68.000000
1.188000 19.072000 2.146000 76.000000 71.000000 65.000000
1.200000 19.096000 2.197000 78.000000 68.000000 59.000000
1.169000 19.113000 2.180000 75.000000 71.000000 60.000000
1.194000 19.083000 2.170000 79.000000 72.000000 64.000000
1.207000 19.088000 2.193000 73.000000 63.000000 54.000000
1.179000 19.089000 2.159000 81.000000 77.000000 68.000000
1.198000 19.080000 2.172000 78.000000 71.000000 63.000000
1.192000 19.093000 2.183000 75.000000 68.000000 58.000000
1.197000 19.102000 2.201000 79.000000 68.000000 66.000000
1.197000 19.057000 2.137000 76.000000 72.000000 63.000000
1.200000 19.108000 2.245000 76.000000 67.000000 52.000000
1.183000 19.118000 2.257000 77.000000 74.000000 57.000000
1.199000 19.106000 2.232000 74.000000 67.000000 51.000000
1.195000 19.116000 2.285000 75.000000 69.000000 57.000000
1.186000 19.114000 2.235000 77.000000 68.000000 53.000000
1.180000 19.113000 2.206000 75.000000 65.000000 56.000000
1.184000 19.119000 2.268000 77.000000 74.000000 57.000000
1.163000 19.120000 2.196000 74.000000 71.000000 56.000000
1.190000 19.107000 2.204000 80.000000 70.000000 60.000000
1.184000 19.117000 2.249000 78.000000 69.000000 52.000000
1.163000 19.119000 2.184000 75.000000 71.000000 60.000000
1.171000 19.117000 2.205000 77.000000 69.000000 58.000000
1.191000 19.117000 2.276000 74.000000 68.000000 52.000000
1.202000 19.105000 2.230000 77.000000 68.000000 53.000000
1.181000 19.114000 2.223000 76.000000 66.000000 56.000000
1.191000 19.119000 2.296000 77.000000 71.000000 55.000000
1.200000 19.103000 2.210000 78.000000 67.000000 61.000000
1.173000 19.118000 2.217000 79.000000 71.000000 60.000000
1.192000 19.116000 2.275000 75.000000 69.000000 53.000000
1.188000 19.111000 2.224000 75.000000 65.000000 55.000000
1.173000 19.116000 2.207000 73.000000 65.000000 54.000000
1.188000 19.120000 2.293000 77.000000 71.000000 55.000000
1.176000 19.113000 2.197000 77.000000 69.000000 58.000000
1.164000 19.118000 2.183000 75.000000 71.000000 60.000000
1.164000 19.120000 2.199000 75.000000 69.000000 55.000000
1.187000 19.114000 2.240000 78.000000 69.000000 52.000000
1.177000 19.113000 2.198000 77.000000 69.000000 58.000000
1.186000 19.110000 2.208000 72.000000 61.000000 55.000000
1.188000 19.110000 2.214000 72.000000 62.000000 53.000000
1.230000 19.024000 2.189000 79.000000 68.000000 62.000000
1.225000 19.042000 2.181000 72.000000 63.000000 54.000000
1.235000 19.013000 2.215000 78.000000 68.000000 56.000000
1.241000 19.007000 2.262000 76.000000 69.000000 51.000000
1.216000 19.080000 2.200000 80.000000 69.000000 65.000000
1.222000 19.050000 2.173000 75.000000 68.000000 58.000000
1.235000 19.031000 2.266000 72.000000 69.000000 52.000000
1.225000 19.025000 2.134000 76.000000 71.000000 65.000000
1.221000 19.048000 2.155000 73.000000 69.000000 60.000000
1.233000 19.032000 2.246000 73.000000 66.000000 50.000000
1.227000 19.035000 2.188000 76.000000 66.000000 57.000000
1.216000 19.089000 2.225000 77.000000 68.000000 51.000000
1.231000 19.045000 2.262000 70.000000 64.000000 50.000000
1.220000 19.067000 2.206000 75.000000 65.000000 55.000000
1.232000 19.036000 2.247000 72.000000 65.000000 47.000000
1.231000 19.039000 2.242000 70.000000 63.000000 45.000000
1.227000 19.036000 2.195000 76.000000 65.000000 59.000000
1.223000 19.065000 2.228000 76.000000 68.000000 55.000000
1.240000 19.019000 2.288000 66.000000 63.000000 46.000000
1.223000 19.045000 2.174000 75.000000 68.000000 58.000000
1.225000 19.029000 2.143000 69.000000 64.000000 58.000000
1.232000 19.005000 2.148000 77.000000 71.000000 57.000000
1.230000 19.028000 2.196000 73.000000 62.000000 56.000000
1.237000 19.022000 2.263000 70.000000 67.000000 48.000000
1.225000 19.046000 2.192000 79.000000 68.000000 64.000000
1.220000 19.075000 2.233000 78.000000 68.000000 58.000000
1.227000 19.059000 2.258000 74.000000 67.000000 51.000000
1.222000 19.058000 2.204000 74.000000 64.000000 55.000000
1.227000 19.020000 2.144000 69.000000 67.000000 55.000000
1.228000 19.020000 2.150000 73.000000 69.000000 57.000000
1.223000 19.061000 2.223000 75.000000 67.000000 54.000000
1.230000 19.010000 2.143000 69.000000 65.000000 56.000000
1.236000 19.014000 2.229000 79.000000 70.000000 55.000000
1.221000 19.054000 2.176000 75.000000 68.000000 58.000000
1.237000 19.022000 2.254000 71.000000 66.000000 47.000000
1.227000 19.018000 2.130000 74.000000 71.000000 66.000000
1.230000 19.014000 2.154000 74.000000 70.000000 59.000000
1.223000 19.064000 2.233000 77.000000 69.000000 56.000000
1.232000 19.010000 2.168000 74.000000 65.000000 56.000000
1.231000 19.008000 2.154000 76.000000 70.000000 58.000000
1.235000 19.019000 2.231000 75.000000 66.000000 51.000000
1.238000 19.017000 2.254000 71.000000 65.000000 49.000000
1.224000 19.061000 2.224000 76.000000 68.000000 55.000000
1.226000 19.054000 2.231000 78.000000 70.000000 57.000000
1.224000 19.054000 2.209000 76.000000 66.000000 54.000000
1.230000 19.047000 2.261000 71.000000 65.000000 51.000000
1.232000 19.033000 2.231000 79.000000 72.000000 56.000000
1.216000 19.078000 2.194000 73.000000 62.000000 56.000000
1.230000 19.046000 2.252000 73.000000 67.000000 51.000000
1.239000 19.026000 2.292000 70.000000 65.000000 46.000000
1.218000 19.083000 2.225000 76.000000 67.000000 52.000000
1.231000 19.021000 2.186000 78.000000 67.000000 63.000000
1.232000 19.019000 2.198000 76.000000 66.000000 56.000000
1.228000 19.025000 2.162000 75.000000 71.000000 59.000000
1.239000 19.024000 2.292000 70.000000 65.000000 46.000000
1.229000 19.051000 2.261000 73.000000 65.000000 52.000000
1.230000 19.038000 2.235000 78.000000 71.000000 55.000000
1.227000 19.019000 2.143000 67.000000 65.000000 53.000000
1.234000 19.028000 2.238000 69.000000 62.000000 44.000000
1.227000 19.043000 2.206000 77.000000 67.000000 57.000000
1.227000 19.030000 2.173000 74.000000 68.000000 56.000000
1.222000 19.060000 2.208000 76.000000 66.000000 56.000000
1.236000 19.015000 2.232000 74.000000 65.000000 50.000000
1.226000 19.036000 2.175000 73.000000 66.000000 56.000000
1.231000 19.015000 2.169000 74.000000 67.000000 57.000000
1.228000 19.022000 2.163000 76.000000 70.000000 58.000000
1.240000 19.007000 2.253000 71.000000 64.000000 46.000000
1.224000 19.061000 2.230000 77.000000 69.000000 56.000000
1.224000 19.047000 2.184000 73.000000 63.000000 54.000000
1.231000 19.043000 2.255000 72.000000 66.000000 52.000000
1.226000 19.030000 2.155000 74.000000 70.000000 59.000000
1.231000 19.018000 2.184000 78.000000 67.000000 63.000000
1.237000 19.021000 2.260000 70.000000 67.000000 48.000000
1.222000 19.056000 2.189000 74.000000 63.000000 59.000000
1.237000 19.030000 2.286000 70.000000 68.000000 53.000000
1.224000 19.041000 2.168000 73.000000 69.000000 57.000000
1.225000 19.042000 2.182000 72.000000 62.000000 53.000000
1.234000 19.005000 2.178000 75.000000 65.000000 55.000000
1.227000 19.055000 2.242000 70.000000 65.000000 46.000000
1.239000 19.022000 2.279000 74.000000 71.000000 52.000000
1.231000 19.016000 2.174000 70.000000 61.000000 54.000000
1.227000 19.030000 2.174000 73.000000 66.000000 56.000000
1.220000 19.075000 2.233000 78.000000 68.000000 58.000000
1.225000 19.033000 2.163000 74.000000 70.000000 58.000000
1.238000 19.023000 2.276000 76.000000 73.000000 54.000000
1.241000 19.014000 2.280000 72.000000 66.000000 50.000000
1.228000 19.013000 2.132000 74.000000 68.000000 68.000000
1.229000 19.014000 2.149000 73.000000 69.000000 58.000000
1.241000 19.011000 2.275000 77.000000 71.000000 55.000000
1.221000 19.056000 2.185000 71.000000 61.000000 52.000000
1.229000 19.041000 2.223000 77.000000 70.000000 54.000000
1.226000 19.028000 2.151000 73.000000 69.000000 60.000000
1.227000 19.038000 2.194000 76.000000 65.000000 59.000000
1.239000 19.025000 2.295000 73.000000 67.000000 51.000000
1.234000 19.027000 2.239000 69.000000 62.000000 44.000000
1.218000 19.081000 2.218000 78.000000 68.000000 56.000000
1.237000 19.025000 2.264000 73.000000 70.000000 51.000000
1.228000 19.038000 2.208000 77.000000 67.000000 55.000000
1.231000 19.007000 2.151000 76.000000 69.000000 59.000000
1.218000 19.069000 2.189000 71.000000 60.000000 58.000000
1.238000 19.023000 2.276000 76.000000 73.000000 54.000000
1.212000 19.080000 2.298000 97.000000 89.000000 53.000000
1.214000 19.089000 2.250000 98.000000 87.000000 59.000000
1.230000 19.046000 2.295000 103.000000 94.000000 65.000000
1.228000 19.048000 2.301000 103.000000 92.000000 60.000000
1.223000 19.061000 2.291000 102.000000 93.000000 62.000000
1.208000 19.102000 2.242000 105.000000 94.000000 66.000000
1.208000 19.089000 2.294000 98.000000 89.000000 56.000000
1.196000 19.115000 2.287000 106.000000 95.000000 63.000000
1.203000 19.100000 2.286000 112.000000 101.000000 69.000000
1.227000 19.056000 2.273000 68.000000 62.000000 36.000000
1.235000 19.037000 2.292000 65.000000 60.000000 40.000000
1.218000 19.082000 2.238000 74.000000 67.000000 49.000000
1.221000 19.062000 2.300000 99.000000 88.000000 56.000000
1.194000 19.114000 2.311000 106.000000 95.000000 63.000000
1.214000 19.087000 2.252000 103.000000 94.000000 65.000000
1.216000 19.079000 2.270000 99.000000 90.000000 57.000000
1.200000 19.110000 2.276000 109.000000 95.000000 66.000000
1.221000 19.061000 2.301000 99.000000 88.000000 56.000000
1.210000 19.094000 2.257000 103.000000 92.000000 60.000000
1.211000 19.090000 2.265000 110.000000 99.000000 67.000000
1.210000 19.093000 2.260000 103.000000 92.000000 60.000000
1.217000 19.072000 2.288000 97.000000 91.000000 55.000000
1.212000 19.080000 2.298000 97.000000 89.000000 53.000000
1.235000 19.034000 2.295000 68.000000 63.000000 43.000000
1.196000 19.112000 2.305000 106.000000 97.000000 64.000000
1.218000 19.082000 2.243000 77.000000 69.000000 50.000000
1.226000 19.059000 2.274000 89.000000 84.000000 54.000000
1.213000 19.096000 2.222000 75.000000 67.000000 48.000000
1.198000 19.112000 2.284000 105.000000 92.000000 60.000000
1.215000 19.088000 2.238000 81.000000 70.000000 50.000000
1.229000 19.052000 2.275000 77.000000 71.000000 49.000000
1.217000 19.076000 2.273000 94.000000 85.000000 52.000000
1.233000 19.037000 2.308000 107.000000 97.000000 70.000000
1.214000 19.080000 2.280000 93.000000 84.000000 51.000000
1.212000 19.082000 2.294000 96.000000 88.000000 52.000000
1.224000 19.058000 2.287000 100.000000 91.000000 60.000000
1.209000 19.088000 2.287000 96.000000 88.000000 52.000000
1.212000 19.079000 2.301000 100.000000 91.000000 58.000000
1.205000 19.092000 2.308000 96.000000 87.000000 54.000000
1.213000 19.079000 2.297000 97.000000 89.000000 53.000000
1.217000 19.079000 2.263000 108.000000 102.000000 68.000000
1.229000 19.049000 2.288000 98.000000 89.000000 58.000000
1.196000 19.112000 2.296000 112.000000 101.000000 69.000000
1.230000 19.043000 2.307000 104.000000 95.000000 64.000000
1.224000 19.061000 2.282000 100.000000 95.000000 57.000000
1.211000 19.094000 2.248000 109.000000 98.000000 68.000000
1.204000 19.107000 2.257000 107.000000 98.000000 69.000000
1.225000 19.055000 2.299000 102.000000 91.000000 59.000000
1.227000 19.048000 2.306000 110.000000 99.000000 67.000000
1.217000 19.073000 2.287000 94.000000 88.000000 52.000000
1.211000 19.091000 2.266000 110.000000 99.000000 67.000000
1.217000 19.083000 2.247000 107.000000 99.000000 78.000000
1.210000 19.098000 2.238000 106.000000 95.000000 67.000000
1.214000 19.077000 2.294000 94.000000 88.000000 52.000000
1.206000 19.093000 2.295000 97.000000 88.000000 55.000000
1.210000 19.085000 2.300000 98.000000 89.000000 56.000000
1.224000 19.056000 2.305000 107.000000 96.000000 64.000000
1.214000 19.074000 2.304000 101.000000 92.000000 59.000000
1.213000 19.092000 2.238000 108.000000 96.000000 70.000000
1.233000 19.043000 2.280000 76.000000 71.000000 52.000000
1.314000 19.001000 2.148000 131.000000 131.000000 107.000000
1.278000 19.002000 2.131000 145.000000 145.000000 119.000000
1.293000 19.001000 2.137000 134.000000 134.000000 106.000000
1.291000 19.001000 2.135000 131.000000 134.000000 105.000000
1.290000 19.002000 2.141000 137.000000 137.000000 111.000000
1.323000 19.006000 2.198000 132.000000 130.000000 107.000000
1.321000 19.002000 2.167000 131.000000 129.000000 104.000000
1.304000 19.004000 2.167000 134.000000 133.000000 105.000000
1.320000 19.001000 2.153000 128.000000 128.000000 104.000000
1.288000 19.001000 2.131000 129.000000 132.000000 103.000000
1.295000 19.003000 2.155000 128.000000 128.000000 100.000000
1.323000 19.000000 2.146000 136.000000 135.000000 114.000000
1.268000 19.003000 2.131000 129.000000 128.000000 107.000000
1.300000 19.002000 2.143000 130.000000 130.000000 104.000000
1.292000 19.002000 2.138000 135.000000 135.000000 109.000000
1.307000 19.004000 2.173000 131.000000 130.000000 102.000000
1.302000 19.005000 2.178000 131.000000 130.000000 99.000000
1.315000 19.001000 2.153000 132.000000 132.000000 108.000000
1.310000 19.000000 2.136000 130.000000 130.000000 106.000000
1.297000 19.001000 2.138000 134.000000 134.000000 106.000000
1.298000 19.002000 2.147000 132.000000 132.000000 106.000000
1.234000 19.004000 2.158000 77.000000 71.000000 57.000000
1.287000 19.006000 2.232000 111.000000 106.000000 84.000000
1.234000 19.004000 2.150000 76.000000 72.000000 61.000000
1.305000 19.007000 2.243000 115.000000 113.000000 92.000000
1.272000 19.005000 2.169000 152.000000 150.000000 125.000000
1.271000 19.008000 2.297000 83.000000 77.000000 61.000000
1.246000 19.006000 2.245000 69.000000 64.000000 45.000000
1.264000 19.008000 2.306000 80.000000 74.000000 58.000000
1.272000 19.004000 2.146000 158.000000 161.000000 134.000000
1.302000 19.006000 2.195000 130.000000 129.000000 101.000000
1.260000 19.004000 2.134000 71.000000 70.000000 52.000000
1.267000 19.006000 2.235000 106.000000 101.000000 81.000000
1.270000 19.005000 2.186000 130.000000 126.000000 97.000000
1.312000 19.007000 2.239000 118.000000 116.000000 93.000000
1.252000 19.007000 2.256000 69.000000 63.000000 47.000000
1.281000 19.006000 2.219000 129.000000 123.000000 99.000000
1.271000 19.005000 2.195000 144.000000 140.000000 115.000000
1.276000 19.007000 2.281000 85.000000 79.000000 65.000000
1.248000 19.005000 2.185000 71.000000 64.000000 46.000000
1.249000 19.003000 2.130000 70.000000 66.000000 54.000000
1.254000 19.007000 2.281000 69.000000 63.000000 47.000000
1.297000 19.007000 2.263000 100.000000 95.000000 76.000000
1.287000 19.005000 2.180000 126.000000 126.000000 92.000000
1.281000 19.005000 2.178000 131.000000 131.000000 97.000000
1.288000 19.005000 2.192000 132.000000 129.000000 96.000000
1.275000 19.005000 2.187000 135.000000 132.000000 99.000000
1.271000 19.008000 2.297000 83.000000 77.000000 61.000000
1.264000 19.007000 2.263000 76.000000 73.000000 56.000000
1.241000 19.004000 2.156000 74.000000 68.000000 52.000000
1.234000 19.004000 2.155000 78.000000 72.000000 60.000000
1.314000 19.007000 2.243000 119.000000 114.000000 94.000000
1.273000 19.007000 2.271000 90.000000 84.000000 70.000000
1.321000 19.007000 2.252000 118.000000 109.000000 94.000000
1.278000 19.005000 2.173000 133.000000 132.000000 104.000000
1.244000 19.006000 2.234000 73.000000 68.000000 49.000000
1.239000 19.004000 2.149000 77.000000 73.000000 61.000000
1.263000 19.005000 2.172000 89.000000 84.000000 64.000000
1.288000 19.007000 2.242000 112.000000 107.000000 87.000000
1.265000 19.004000 2.146000 109.000000 109.000000 85.000000
1.243000 19.006000 2.237000 72.000000 65.000000 49.000000
1.238000 19.003000 2.128000 68.000000 65.000000 58.000000
1.306000 19.008000 2.296000 80.000000 76.000000 64.000000
1.250000 19.006000 2.232000 68.000000 61.000000 42.000000
1.249000 19.006000 2.216000 73.000000 65.000000 44.000000
1.264000 19.006000 2.226000 100.000000 94.000000 72.000000
1.320000 19.008000 2.296000 84.000000 78.000000 66.000000
1.257000 19.005000 2.188000 68.000000 61.000000 42.000000
1.300000 19.007000 2.238000 112.000000 110.000000 87.000000
1.266000 19.007000 2.265000 84.000000 81.000000 64.000000
1.273000 19.004000 2.161000 138.000000 136.000000 113.000000
1.275000 19.005000 2.201000 135.000000 130.000000 108.000000
1.281000 19.006000 2.210000 133.000000 127.000000 103.000000
1.245000 19.006000 2.230000 75.000000 68.000000 49.000000
1.303000 19.005000 2.189000 128.000000 127.000000 96.000000
1.321000 19.007000 2.223000 129.000000 125.000000 100.000000
1.244000 19.006000 2.229000 76.000000 69.000000 50.000000
1.275000 19.007000 2.275000 89.000000 83.000000 69.000000
1.284000 19.005000 2.174000 121.000000 120.000000 90.000000
1.286000 19.008000 2.286000 84.000000 78.000000 64.000000
1.258000 19.004000 2.144000 67.000000 66.000000 46.000000
1.237000 19.004000 2.156000 80.000000 74.000000 60.000000
1.269000 19.006000 2.242000 108.000000 103.000000 84.000000
1.235000 19.004000 2.157000 80.000000 74.000000 60.000000
1.283000 19.006000 2.222000 127.000000 121.000000 99.000000
1.259000 19.004000 2.153000 69.000000 67.000000 46.000000
1.253000 19.004000 2.152000 65.000000 62.000000 43.000000
1.309000 19.008000 2.294000 79.000000 75.000000 63.000000
1.285000 19.007000 2.272000 89.000000 83.000000 69.000000
1.249000 19.007000 2.256000 69.000000 63.000000 47.000000
1.257000 19.004000 2.132000 69.000000 66.000000 51.000000
1.280000 19.006000 2.222000 131.000000 125.000000 103.000000
1.292000 19.008000 2.302000 82.000000 76.000000 62.000000
1.271000 19.004000 2.163000 143.000000 138.000000 118.000000
1.272000 19.004000 2.149000 153.000000 153.000000 127.000000
1.261000 19.006000 2.247000 73.000000 68.000000 49.000000
1.284000 19.006000 2.231000 116.000000 110.000000 88.000000
1.289000 19.006000 2.212000 121.000000 117.000000 90.000000
1.313000 19.006000 2.213000 125.000000 124.000000 96.000000
1.280000 19.005000 2.184000 135.000000 132.000000 97.000000
1.312000 19.007000 2.245000 119.000000 114.000000 94.000000
1.322000 19.008000 2.282000 88.000000 82.000000 68.000000
1.261000 19.005000 2.175000 79.000000 74.000000 54.000000
1.242000 19.006000 2.219000 80.000000 73.000000 57.000000
1.318000 19.006000 2.212000 128.000000 126.000000 101.000000
1.312000 19.008000 2.300000 78.000000 72.000000 60.000000
1.263000 19.006000 2.212000 90.000000 84.000000 62.000000
1.306000 19.007000 2.249000 112.000000 107.000000 88.000000
1.310000 19.008000 2.276000 91.000000 85.000000 71.000000
1.306000 19.007000 2.232000 119.000000 114.000000 92.000000
1.244000 19.007000 2.276000 74.000000 68.000000 52.000000
1.268000 19.007000 2.278000 83.000000 77.000000 61.000000
1.295000 19.007000 2.264000 100.000000 95.000000 76.000000
1.256000 19.007000 2.258000 71.000000 65.000000 49.000000
1.291000 19.005000 2.182000 126.000000 126.000000 92.000000
1.290000 19.007000 2.254000 103.000000 98.000000 79.000000
1.260000 19.005000 2.174000 78.000000 73.000000 53.000000
1.319000 19.006000 2.206000 131.000000 129.000000 106.000000
1.268000 19.005000 2.182000 133.000000 129.000000 100.000000
1.323000 19.006000 2.219000 131.000000 127.000000 102.000000
1.239000 19.004000 2.163000 76.000000 70.000000 56.000000
1.261000 19.005000 2.205000 85.000000 78.000000 62.000000
1.300000 19.007000 2.247000 111.000000 109.000000 88.000000
1.306000 19.008000 2.300000 80.000000 74.000000 62.000000
1.304000 19.008000 2.306000 80.000000 74.000000 62.000000
1.248000 19.006000 2.244000 66.000000 61.000000 42.000000
1.248000 19.003000 2.131000 69.000000 65.000000 53.000000
1.299000 19.006000 2.214000 121.000000 120.000000 92.000000
1.270000 19.005000 2.177000 142.000000 138.000000 111.000000
1.313000 19.007000 2.251000 115.000000 108.000000 92.000000
1.256000 19.005000 2.210000 72.000000 63.000000 46.000000
1.243000 19.007000 2.276000 77.000000 71.000000 55.000000
1.275000 19.006000 2.227000 131.000000 125.000000 103.000000
1.245000 19.005000 2.214000 73.000000 65.000000 46.000000
1.312000 19.008000 2.292000 81.000000 78.000000 63.000000
1.239000 19.003000 2.129000 68.000000 65.000000 58.000000
1.320000 19.007000 2.238000 122.000000 117.000000 95.000000
1.314000 19.007000 2.233000 123.000000 118.000000 96.000000
1.257000 19.007000 2.255000 70.000000 64.000000 48.000000
1.263000 19.004000 2.157000 95.000000 93.000000 72.000000
1.316000 19.007000 2.227000 124.000000 120.000000 95.000000
1.264000 19.007000 2.285000 80.000000 74.000000 58.000000
1.284000 19.006000 2.234000 116.000000 111.000000 89.000000
1.289000 19.007000 2.247000 105.000000 100.000000 80.000000
1.322000 19.007000 2.237000 123.000000 119.000000 94.000000
1.309000 19.006000 2.192000 129.000000 128.000000 98.000000
0.648000 19.088000 2.197000 69.000000 60.000000 43.000000
0.640000 19.095000 2.212000 69.000000 60.000000 43.000000
0.643000 19.099000 2.218000 69.000000 60.000000 43.000000
0.639000 19.084000 2.192000 69.000000 60.000000 43.000000
0.626000 19.106000 2.234000 69.000000 60.000000 43.000000
0.648000 19.086000 2.194000 69.000000 60.000000 43.000000
0.633000 19.076000 2.177000 69.000000 60.000000 43.000000
0.630000 19.072000 2.171000 69.000000 60.000000 43.000000
0.627000 19.072000 2.171000 69.000000 60.000000 43.000000
0.603000 19.086000 2.202000 69.000000 60.000000 43.000000
0.615000 19.100000 2.225000 68.000000 61.000000 43.000000
0.645000 19.072000 2.168000 69.000000 60.000000 43.000000
0.641000 19.113000 2.244000 69.000000 60.000000 43.000000
0.632000 19.104000 2.229000 69.000000 60.000000 43.000000
0.600000 19.085000 2.200000 69.000000 60.000000 43.000000
0.636000 19.081000 2.186000 69.000000 60.000000 43.000000
0.646000 19.102000 2.223000 69.000000 60.000000 43.000000
0.597000 19.085000 2.201000 69.000000 60.000000 43.000000
0.600000 19.074000 2.182000 69.000000 60.000000 43.000000
0.639000 19.112000 2.243000 69.000000 60.000000 43.000000
0.629000 19.100000 2.222000 69.000000 60.000000 43.000000
0.631000 19.074000 2.175000 69.000000 60.000000 43.000000
0.611000 19.074000 2.178000 69.000000 60.000000 43.000000
0.626000 19.098000 2.219000 69.000000 60.000000 43.000000
0.575000 19.073000 2.184000 68.000000 61.000000 43.000000
0.604000 19.086000 2.202000 69.000000 60.000000 43.000000
0.609000 19.093000 2.214000 69.000000 60.000000 43.000000
0.586000 19.073000 2.182000 68.000000 61.000000 43.000000
0.632000 19.078000 2.182000 69.000000 60.000000 43.000000
0.595000 19.073000 2.181000 69.000000 60.000000 43.000000
0.635000 19.104000 2.228000 69.000000 60.000000 43.000000
0.618000 19.089000 2.205000 69.000000 60.000000 43.000000
0.605000 19.092000 2.214000 69.000000 60.000000 43.000000
0.609000 19.092000 2.212000 69.000000 60.000000 43.000000
0.601000 19.086000 2.202000 69.000000 60.000000 43.000000
0.606000 19.073000 2.177000 69.000000 60.000000 43.000000
0.642000 19.092000 2.205000 69.000000 60.000000 43.000000
0.636000 19.084000 2.193000 69.000000 60.000000 43.000000
0.628000 19.085000 2.195000 69.000000 60.000000 43.000000
0.610000 19.086000 2.200000 69.000000 60.000000 43.000000
0.607000 19.092000 2.213000 69.000000 60.000000 43.000000
0.605000 19.078000 2.187000 69.000000 60.000000 43.000000
0.552000 19.095000 2.219000 68.000000 61.000000 43.000000
0.567000 19.104000 2.233000 68.000000 61.000000 43.000000
0.557000 19.083000 2.201000 68.000000 61.000000 43.000000
0.536000 19.119000 2.258000 69.000000 62.000000 44.000000
0.568000 19.100000 2.227000 68.000000 61.000000 43.000000
0.525000 19.105000 2.236000 70.000000 62.000000 43.000000
0.583000 19.112000 2.244000 68.000000 61.000000 43.000000
0.561000 19.098000 2.224000 68.000000 61.000000 43.000000
0.546000 19.118000 2.256000 68.000000 61.000000 43.000000
0.549000 19.094000 2.217000 68.000000 61.000000 43.000000
0.605000 19.113000 2.245000 68.000000 61.000000 43.000000
0.619000 19.109000 2.239000 68.000000 61.000000 43.000000
0.574000 19.111000 2.243000 68.000000 61.000000 43.000000
0.570000 19.073000 2.184000 68.000000 61.000000 43.000000
0.578000 19.106000 2.236000 68.000000 61.000000 43.000000
0.624000 19.108000 2.237000 69.000000 60.000000 43.000000
0.525000 19.103000 2.231000 70.000000 62.000000 43.000000
0.573000 19.091000 2.212000 68.000000 61.000000 43.000000
0.615000 19.118000 2.254000 68.000000 61.000000 43.000000
0.579000 19.098000 2.223000 68.000000 61.000000 43.000000
0.570000 19.090000 2.211000 68.000000 61.000000 43.000000
0.561000 19.083000 2.199000 68.000000 61.000000 43.000000
0.509000 19.110000 2.244000 70.000000 62.000000 43.000000
0.573000 19.107000 2.237000 68.000000 61.000000 43.000000
0.608000 19.110000 2.242000 68.000000 61.000000 43.000000
0.504000 19.118000 2.256000 71.000000 63.000000 44.000000
0.533000 19.111000 2.245000 70.000000 61.000000 44.000000
0.592000 19.116000 2.251000 68.000000 61.000000 43.000000
0.568000 19.077000 2.191000 68.000000 61.000000 43.000000
0.578000 19.095000 2.219000 68.000000 61.000000 43.000000
0.504000 19.117000 2.254000 71.000000 63.000000 44.000000
0.561000 19.079000 2.194000 68.000000 61.000000 43.000000
0.604000 19.101000 2.227000 68.000000 61.000000 43.000000
0.596000 19.101000 2.228000 68.000000 61.000000 43.000000
0.551000 19.111000 2.244000 68.000000 61.000000 43.000000
0.579000 19.110000 2.242000 68.000000 61.000000 43.000000
0.564000 19.118000 2.255000 68.000000 61.000000 43.000000
0.537000 19.106000 2.237000 68.000000 61.000000 43.000000
0.623000 19.113000 2.246000 68.000000 61.000000 43.000000
0.590000 19.087000 2.205000 69.000000 60.000000 43.000000
0.560000 19.091000 2.213000 68.000000 61.000000 43.000000
0.614000 19.112000 2.244000 68.000000 61.000000 43.000000
0.565000 19.088000 2.208000 68.000000 61.000000 43.000000
0.606000 19.119000 2.256000 68.000000 61.000000 43.000000
0.627000 19.120000 2.257000 69.000000 60.000000 43.000000
0.590000 19.101000 2.227000 68.000000 61.000000 43.000000
0.541000 19.109000 2.241000 68.000000 61.000000 43.000000
0.545000 19.089000 2.209000 68.000000 61.000000 43.000000
0.549000 19.099000 2.226000 68.000000 61.000000 43.000000
0.630000 19.111000 2.242000 69.000000 60.000000 43.000000
0.523000 19.108000 2.240000 70.000000 62.000000 43.000000
0.582000 19.104000 2.233000 68.000000 61.000000 43.000000
0.574000 19.084000 2.201000 68.000000 61.000000 43.000000
0.557000 19.087000 2.207000 68.000000 61.000000 43.000000
0.573000 19.088000 2.208000 68.000000 61.000000 43.000000
0.619000 19.107000 2.236000 68.000000 61.000000 43.000000
0.572000 19.107000 2.237000 68.000000 61.000000 43.000000
0.603000 19.111000 2.243000 68.000000 61.000000 43.000000
0.557000 19.108000 2.240000 68.000000 61.000000 43.000000
0.531000 19.106000 2.236000 69.000000 60.000000 43.000000
0.563000 19.098000 2.223000 68.000000 61.000000 43.000000
0.542000 19.094000 2.218000 68.000000 61.000000 43.000000
0.568000 19.081000 2.196000 68.000000 61.000000 43.000000
0.576000 19.114000 2.248000 68.000000 61.000000 43.000000
0.535000 19.093000 2.216000 68.000000 61.000000 43.000000
0.608000 19.118000 2.254000 68.000000 61.000000 43.000000
0.587000 19.084000 2.200000 69.000000 60.000000 43.000000
0.559000 19.084000 2.201000 68.000000 61.000000 43.000000
0.580000 19.089000 2.209000 68.000000 61.000000 43.000000
0.511000 19.109000 2.242000 70.000000 62.000000 43.000000
0.585000 19.109000 2.241000 68.000000 61.000000 43.000000
0.421000 19.084000 2.282000 74.000000 66.000000 45.000000
0.376000 19.066000 2.275000 63.000000 56.000000 38.000000
0.363000 19.056000 2.257000 64.000000 54.000000 42.000000
0.394000 19.073000 2.275000 70.000000 63.000000 45.000000
0.403000 19.072000 2.263000 68.000000 61.000000 43.000000
0.407000 19.083000 2.294000 74.000000 66.000000 45.000000
0.414000 19.087000 2.298000 74.000000 66.000000 45.000000
0.407000 19.063000 2.228000 66.000000 59.000000 41.000000
0.398000 19.061000 2.234000 65.000000 58.000000 40.000000
0.402000 19.080000 2.289000 71.000000 64.000000 45.000000
0.390000 19.065000 2.256000 66.000000 59.000000 43.000000
0.424000 19.082000 2.270000 72.000000 64.000000 43.000000
0.379000 19.062000 2.259000 63.000000 56.000000 40.000000
0.381000 19.063000 2.258000 64.000000 57.000000 41.000000
0.415000 19.066000 2.232000 67.000000 60.000000 42.000000
0.421000 19.090000 2.299000 74.000000 66.000000 45.000000
0.408000 19.072000 2.258000 69.000000 62.000000 44.000000
0.407000 19.065000 2.238000 66.000000 59.000000 41.000000
0.399000 19.080000 2.293000 71.000000 64.000000 45.000000
0.371000 19.057000 2.252000 62.000000 54.000000 41.000000
0.399000 19.061000 2.235000 66.000000 59.000000 41.000000
0.369000 19.061000 2.268000 60.000000 53.000000 37.000000
0.410000 19.082000 2.286000 72.000000 65.000000 46.000000
0.407000 19.081000 2.288000 73.000000 65.000000 44.000000
0.401000 19.062000 2.235000 66.000000 59.000000 41.000000
0.428000 19.093000 2.300000 75.000000 67.000000 46.000000
0.386000 19.068000 2.269000 67.000000 60.000000 42.000000
0.396000 19.072000 2.272000 69.000000 62.000000 44.000000
0.409000 19.069000 2.246000 67.000000 60.000000 42.000000
0.414000 19.067000 2.236000 67.000000 60.000000 42.000000
0.414000 19.066000 2.233000 67.000000 60.000000 42.000000
0.364000 19.055000 2.255000 64.000000 54.000000 42.000000
0.397000 19.072000 2.271000 68.000000 61.000000 43.000000
0.411000 19.080000 2.278000 72.000000 65.000000 46.000000
0.367000 19.056000 2.255000 62.000000 54.000000 41.000000
0.416000 19.070000 2.243000 69.000000 61.000000 42.000000
0.393000 19.077000 2.290000 71.000000 64.000000 45.000000
0.361000 19.056000 2.261000 63.000000 55.000000 42.000000
0.422000 19.081000 2.270000 72.000000 64.000000 43.000000
0.469000 19.108000 2.264000 72.000000 64.000000 45.000000
0.477000 19.115000 2.271000 72.000000 64.000000 43.000000
0.451000 19.102000 2.282000 74.000000 66.000000 45.000000
0.451000 19.102000 2.285000 74.000000 66.000000 45.000000
0.433000 19.080000 2.243000 70.000000 62.000000 43.000000
0.452000 19.098000 2.268000 72.000000 64.000000 43.000000
0.438000 19.080000 2.235000 70.000000 62.000000 43.000000
0.444000 19.091000 2.259000 72.000000 64.000000 45.000000
0.429000 19.083000 2.262000 72.000000 64.000000 45.000000
0.452000 19.092000 2.243000 71.000000 63.000000 44.000000
0.432000 19.079000 2.242000 70.000000 62.000000 43.000000
0.464000 19.105000 2.265000 72.000000 64.000000 45.000000
0.438000 19.087000 2.258000 72.000000 64.000000 45.000000
0.477000 19.110000 2.254000 72.000000 64.000000 45.000000
0.471000 19.107000 2.254000 72.000000 64.000000 45.000000
0.434000 19.087000 2.267000 72.000000 64.000000 43.000000
0.466000 19.104000 2.258000 72.000000 64.000000 45.000000
0.434000 19.083000 2.252000 71.000000 63.000000 44.000000
0.451000 19.103000 2.285000 74.000000 66.000000 45.000000
0.447000 19.089000 2.247000 71.000000 63.000000 44.000000
0.433000 19.082000 2.250000 71.000000 63.000000 44.000000
0.430000 19.093000 2.298000 75.000000 67.000000 46.000000
0.432000 19.077000 2.236000 69.000000 61.000000 42.000000
0.443000 19.084000 2.236000 70.000000 62.000000 43.000000
0.438000 19.081000 2.237000 70.000000 62.000000 43.000000
0.426000 19.078000 2.253000 71.000000 63.000000 44.000000
0.436000 19.078000 2.232000 69.000000 61.000000 42.000000
0.422000 19.071000 2.236000 67.000000 60.000000 42.000000
0.422000 19.072000 2.242000 69.000000 61.000000 42.000000
0.481000 19.115000 2.265000 72.000000 64.000000 43.000000
0.432000 19.075000 2.228000 68.000000 61.000000 43.000000
0.435000 19.098000 2.302000 77.000000 66.000000 46.000000
0.461000 19.106000 2.274000 72.000000 64.000000 43.000000
0.486000 19.117000 2.259000 72.000000 64.000000 45.000000
0.428000 19.086000 2.275000 73.000000 65.000000 44.000000
0.470000 19.108000 2.261000 72.000000 64.000000 45.000000
0.459000 19.098000 2.253000 72.000000 64.000000 45.000000
0.432000 19.092000 2.289000 74.000000 66.000000 45.000000
0.460000 19.101000 2.260000 72.000000 64.000000 45.000000
0.392000 19.008000 2.198000 66.000000 59.000000 41.000000
0.369000 19.028000 2.228000 66.000000 59.000000 43.000000
0.379000 19.025000 2.219000 66.000000 59.000000 43.000000
0.371000 19.047000 2.240000 64.000000 57.000000 41.000000
0.370000 19.020000 2.222000 66.000000 59.000000 43.000000
0.372000 19.027000 2.224000 66.000000 59.000000 43.000000
0.362000 19.023000 2.229000 66.000000 59.000000 43.000000
0.386000 19.054000 2.234000 65.000000 58.000000 40.000000
0.391000 19.053000 2.230000 65.000000 58.000000 40.000000
0.400000 19.033000 2.210000 66.000000 59.000000 41.000000
0.371000 19.030000 2.228000 66.000000 59.000000 43.000000
0.368000 19.006000 2.213000 67.000000 58.000000 41.000000
0.386000 19.050000 2.231000 65.000000 58.000000 40.000000
0.368000 19.029000 2.229000 66.000000 59.000000 43.000000
0.382000 19.027000 2.218000 66.000000 59.000000 43.000000
0.389000 19.023000 2.210000 66.000000 59.000000 41.000000
0.371000 19.024000 2.223000 66.000000 59.000000 43.000000
0.387000 19.039000 2.223000 66.000000 59.000000 41.000000
0.366000 19.004000 2.213000 67.000000 58.000000 41.000000
0.369000 19.039000 2.235000 65.000000 58.000000 42.000000
0.385000 19.001000 2.198000 66.000000 59.000000 41.000000
0.376000 18.981000 2.190000 66.000000 59.000000 41.000000
0.386000 19.018000 2.209000 66.000000 59.000000 41.000000
0.380000 19.000000 2.200000 66.000000 59.000000 41.000000
0.392000 19.010000 2.199000 66.000000 59.000000 41.000000
0.379000 19.003000 2.204000 66.000000 59.000000 41.000000
0.371000 19.048000 2.240000 64.000000 57.000000 41.000000
0.377000 19.018000 2.215000 66.000000 59.000000 43.000000
0.384000 19.017000 2.210000 66.000000 59.000000 41.000000
0.391000 19.050000 2.228000 66.000000 59.000000 41.000000
0.381000 19.047000 2.232000 65.000000 58.000000 42.000000
0.392000 19.004000 2.195000 66.000000 59.000000 41.000000
0.390000 19.010000 2.200000 66.000000 59.000000 41.000000
0.383000 19.052000 2.235000 65.000000 58.000000 42.000000
0.367000 19.042000 2.238000 64.000000 57.000000 41.000000
0.386000 18.985000 2.186000 67.000000 60.000000 42.000000
0.403000 19.045000 2.216000 66.000000 59.000000 41.000000
0.365000 19.029000 2.231000 66.000000 57.000000 42.000000
0.392000 19.027000 2.212000 66.000000 59.000000 41.000000
0.383000 19.054000 2.236000 65.000000 58.000000 42.000000
0.366000 19.023000 2.227000 67.000000 58.000000 43.000000
0.402000 18.971000 2.148000 67.000000 60.000000 42.000000
0.399000 18.978000 2.166000 67.000000 60.000000 42.000000
0.422000 18.999000 2.163000 67.000000 60.000000 42.000000
0.407000 18.972000 2.140000 67.000000 60.000000 42.000000
0.437000 19.017000 2.171000 67.000000 60.000000 42.000000
0.407000 18.981000 2.157000 67.000000 60.000000 42.000000
0.421000 18.997000 2.162000 67.000000 60.000000 42.000000
0.405000 18.985000 2.168000 67.000000 60.000000 42.000000
0.412000 18.998000 2.180000 67.000000 60.000000 42.000000
0.394000 18.979000 2.176000 67.000000 60.000000 42.000000
0.388000 18.972000 2.173000 67.000000 60.000000 42.000000
0.417000 18.985000 2.146000 67.000000 60.000000 42.000000
0.412000 18.977000 2.140000 67.000000 60.000000 42.000000
0.425000 19.000000 2.160000 67.000000 60.000000 42.000000
0.405000 18.981000 2.160000 67.000000 60.000000 42.000000
0.410000 18.984000 2.158000 67.000000 60.000000 42.000000
0.433000 19.011000 2.167000 67.000000 60.000000 42.000000
0.422000 19.005000 2.175000 67.000000 60.000000 42.000000
0.433000 19.010000 2.166000 67.000000 60.000000 42.000000
0.385000 18.969000 2.173000 67.000000 60.000000 42.000000
0.427000 19.006000 2.169000 67.000000 60.000000 42.000000
0.441000 19.020000 2.170000 67.000000 60.000000 42.000000
0.423000 18.993000 2.150000 67.000000 60.000000 42.000000
0.420000 19.002000 2.175000 67.000000 60.000000 42.000000
0.426000 19.004000 2.166000 67.000000 60.000000 42.000000
0.404000 19.007000 2.190000 67.000000 60.000000 42.000000
0.422000 19.053000 2.210000 67.000000 60.000000 42.000000
0.422000 19.058000 2.214000 67.000000 60.000000 42.000000
0.410000 19.000000 2.183000 67.000000 60.000000 42.000000
0.425000 19.047000 2.205000 67.000000 60.000000 42.000000
0.422000 19.017000 2.187000 67.000000 60.000000 42.000000
0.408000 19.010000 2.190000 67.000000 60.000000 42.000000
0.406000 18.994000 2.181000 67.000000 60.000000 42.000000
0.410000 19.007000 2.187000 67.000000 60.000000 42.000000
0.415000 19.031000 2.200000 67.000000 60.000000 42.000000
0.421000 19.046000 2.206000 67.000000 60.000000 42.000000
0.420000 19.031000 2.197000 67.000000 60.000000 42.000000
0.433000 19.025000 2.187000 67.000000 60.000000 42.000000
0.387000 18.978000 2.181000 67.000000 60.000000 42.000000
0.416000 19.047000 2.209000 67.000000 60.000000 42.000000
0.416000 19.042000 2.206000 67.000000 60.000000 42.000000
0.406000 19.009000 2.190000 67.000000 60.000000 42.000000
0.397000 19.009000 2.195000 66.000000 59.000000 41.000000
0.431000 19.029000 2.190000 67.000000 60.000000 42.000000
0.387000 18.981000 2.183000 67.000000 60.000000 42.000000
0.422000 19.043000 2.204000 67.000000 60.000000 42.000000
0.417000 19.042000 2.206000 67.000000 60.000000 42.000000
0.409000 19.017000 2.194000 67.000000 60.000000 42.000000
0.410000 19.027000 2.200000 67.000000 60.000000 42.000000
0.397000 19.009000 2.195000 66.000000 59.000000 41.000000
0.434000 19.026000 2.186000 67.000000 60.000000 42.000000
0.415000 19.012000 2.188000 67.000000 60.000000 42.000000
0.435000 19.026000 2.186000 67.000000 60.000000 42.000000
0.430000 19.040000 2.197000 67.000000 60.000000 42.000000
0.452000 19.003000 2.152000 67.000000 60.000000 42.000000
0.510000 19.021000 2.158000 69.000000 60.000000 43.000000
0.442000 19.000000 2.152000 67.000000 60.000000 42.000000
0.451000 19.023000 2.170000 68.000000 59.000000 42.000000
0.535000 19.011000 2.144000 69.000000 60.000000 43.000000
0.507000 18.998000 2.138000 69.000000 60.000000 43.000000
0.511000 19.002000 2.141000 69.000000 60.000000 43.000000
0.451000 19.002000 2.152000 67.000000 60.000000 42.000000
0.474000 19.018000 2.161000 69.000000 60.000000 43.000000
0.481000 19.031000 2.171000 68.000000 61.000000 43.000000
0.454000 19.009000 2.157000 67.000000 60.000000 42.000000
0.448000 19.009000 2.159000 67.000000 60.000000 42.000000
0.508000 18.998000 2.138000 69.000000 60.000000 43.000000
0.491000 18.997000 2.140000 69.000000 60.000000 43.000000
0.450000 19.007000 2.157000 67.000000 60.000000 42.000000
0.550000 19.016000 2.146000 69.000000 60.000000 43.000000
0.498000 19.012000 2.152000 69.000000 60.000000 43.000000
0.497000 19.003000 2.144000 69.000000 60.000000 43.000000
0.451000 18.984000 2.137000 67.000000 60.000000 42.000000
0.502000 19.009000 2.149000 69.000000 60.000000 43.000000
0.430000 18.980000 2.136000 67.000000 60.000000 42.000000
0.450000 19.022000 2.169000 68.000000 59.000000 42.000000
0.488000 19.016000 2.158000 69.000000 60.000000 43.000000
0.455000 18.992000 2.143000 67.000000 60.000000 42.000000
0.494000 18.997000 2.140000 69.000000 60.000000 43.000000
0.442000 18.986000 2.139000 67.000000 60.000000 42.000000
0.483000 18.994000 2.139000 69.000000 60.000000 43.000000
0.453000 18.993000 2.144000 67.000000 60.000000 42.000000
0.446000 19.014000 2.164000 67.000000 60.000000 42.000000
0.491000 19.009000 2.150000 69.000000 60.000000 43.000000
0.450000 18.997000 2.148000 67.000000 60.000000 42.000000
0.502000 19.015000 2.154000 69.000000 60.000000 43.000000
0.443000 19.020000 2.169000 67.000000 60.000000 42.000000
0.478000 18.990000 2.136000 69.000000 60.000000 43.000000
0.502000 19.026000 2.163000 69.000000 60.000000 43.000000
0.525000 19.019000 2.153000 69.000000 60.000000 43.000000
0.462000 19.009000 2.156000 67.000000 60.000000 42.000000
0.507000 19.013000 2.151000 69.000000 60.000000 43.000000
0.440000 19.003000 2.155000 67.000000 60.000000 42.000000
0.498000 19.024000 2.162000 69.000000 60.000000 43.000000
0.517000 19.023000 2.158000 69.000000 60.000000 43.000000
0.429000 18.991000 2.146000 67.000000 60.000000 42.000000
0.521000 19.009000 2.145000 69.000000 60.000000 43.000000
0.490000 19.030000 2.169000 69.000000 60.000000 43.000000
0.492000 19.018000 2.159000 69.000000 60.000000 43.000000
0.462000 19.026000 2.170000 69.000000 60.000000 43.000000
0.513000 19.006000 2.144000 69.000000 60.000000 43.000000
0.484000 18.993000 2.138000 69.000000 60.000000 43.000000
0.457000 19.010000 2.157000 67.000000 60.000000 42.000000
0.515000 19.025000 2.160000 69.000000 60.000000 43.000000
0.430000 18.979000 2.136000 67.000000 60.000000 42.000000
0.510000 19.018000 2.154000 69.000000 60.000000 43.000000
0.465000 19.008000 2.155000 69.000000 60.000000 43.000000
0.529000 19.011000 2.145000 69.000000 60.000000 43.000000
0.499000 18.996000 2.138000 69.000000 60.000000 43.000000
0.510000 19.015000 2.152000 69.000000 60.000000 43.000000
0.461000 19.020000 2.165000 69.000000 60.000000 43.000000
0.445000 18.983000 2.137000 67.000000 60.000000 42.000000
0.480000 19.017000 2.160000 69.000000 60.000000 43.000000
0.530000 19.024000 2.156000 69.000000 60.000000 43.000000
0.540000 19.039000 2.164000 69.000000 60.000000 43.000000
0.461000 19.042000 2.184000 69.000000 60.000000 43.000000
0.558000 19.033000 2.156000 69.000000 60.000000 43.000000
0.560000 19.039000 2.160000 69.000000 60.000000 43.000000
0.514000 19.032000 2.165000 69.000000 60.000000 43.000000
0.537000 19.039000 2.165000 69.000000 60.000000 43.000000
0.553000 19.028000 2.154000 69.000000 60.000000 43.000000
0.500000 19.031000 2.168000 69.000000 60.000000 43.000000
0.521000 19.054000 2.179000 68.000000 61.000000 43.000000
0.512000 19.031000 2.165000 69.000000 60.000000 43.000000
0.536000 19.044000 2.169000 68.000000 61.000000 43.000000
0.541000 19.037000 2.163000 69.000000 60.000000 43.000000
0.539000 19.040000 2.165000 69.000000 60.000000 43.000000
0.523000 19.033000 2.164000 69.000000 60.000000 43.000000
0.554000 19.055000 2.172000 68.000000 61.000000 43.000000
0.541000 19.028000 2.156000 69.000000 60.000000 43.000000
0.490000 19.033000 2.171000 68.000000 61.000000 43.000000
0.522000 19.040000 2.169000 68.000000 61.000000 43.000000
0.561000 19.018000 2.144000 69.000000 60.000000 43.000000
0.563000 19.050000 2.167000 69.000000 60.000000 43.000000
0.499000 19.041000 2.175000 68.000000 61.000000 43.000000
0.539000 19.053000 2.175000 68.000000 61.000000 43.000000
0.499000 19.051000 2.182000 68.000000 61.000000 43.000000
0.481000 19.041000 2.179000 68.000000 61.000000 43.000000
0.541000 19.048000 2.171000 68.000000 61.000000 43.000000
0.513000 19.044000 2.174000 68.000000 61.000000 43.000000
0.543000 19.028000 2.156000 69.000000 60.000000 43.000000
0.544000 19.020000 2.150000 69.000000 60.000000 43.000000
0.544000 19.041000 2.165000 69.000000 60.000000 43.000000
0.569000 19.055000 2.169000 69.000000 60.000000 43.000000
0.541000 19.030000 2.158000 69.000000 60.000000 43.000000
0.561000 19.015000 2.143000 69.000000 60.000000 43.000000
0.529000 19.035000 2.164000 69.000000 60.000000 43.000000
0.485000 19.041000 2.178000 68.000000 61.000000 43.000000
0.545000 19.035000 2.160000 69.000000 60.000000 43.000000
0.546000 19.023000 2.151000 69.000000 60.000000 43.000000
0.530000 19.033000 2.163000 69.000000 60.000000 43.000000
0.557000 19.031000 2.155000 69.000000 60.000000 43.000000
0.563000 19.058000 2.172000 69.000000 60.000000 43.000000
0.546000 19.018000 2.148000 69.000000 60.000000 43.000000
0.525000 19.028000 2.160000 69.000000 60.000000 43.000000
0.484000 19.089000 2.227000 70.000000 62.000000 43.000000
0.482000 19.095000 2.235000 71.000000 63.000000 44.000000
0.536000 19.064000 2.184000 68.000000 61.000000 43.000000
0.473000 19.062000 2.202000 68.000000 61.000000 43.000000
0.507000 19.077000 2.207000 68.000000 61.000000 42.000000
0.505000 19.070000 2.200000 68.000000 61.000000 43.000000
0.480000 19.047000 2.183000 68.000000 61.000000 43.000000
0.521000 19.089000 2.216000 68.000000 61.000000 43.000000
0.502000 19.106000 2.241000 70.000000 62.000000 43.000000
0.516000 19.093000 2.222000 69.000000 62.000000 44.000000
0.500000 19.057000 2.187000 68.000000 61.000000 43.000000
0.468000 19.056000 2.197000 68.000000 61.000000 43.000000
0.474000 19.082000 2.224000 70.000000 62.000000 43.000000
0.509000 19.069000 2.198000 68.000000 61.000000 43.000000
0.501000 19.108000 2.242000 71.000000 63.000000 44.000000
0.492000 19.108000 2.246000 71.000000 63.000000 44.000000
0.493000 19.061000 2.194000 68.000000 61.000000 43.000000
0.542000 19.072000 2.191000 68.000000 61.000000 43.000000
0.501000 19.109000 2.244000 71.000000 63.000000 44.000000
0.485000 19.105000 2.245000 71.000000 63.000000 44.000000
0.545000 19.065000 2.182000 68.000000 61.000000 43.000000
0.526000 19.081000 2.205000 68.000000 61.000000 43.000000
0.508000 19.056000 2.184000 68.000000 61.000000 43.000000
0.487000 19.078000 2.214000 70.000000 62.000000 43.000000
0.484000 19.064000 2.201000 68.000000 61.000000 43.000000
0.486000 19.072000 2.208000 68.000000 61.000000 42.000000
0.460000 19.042000 2.185000 69.000000 60.000000 43.000000
0.497000 19.103000 2.239000 71.000000 63.000000 44.000000
0.483000 19.094000 2.233000 71.000000 63.000000 44.000000
0.549000 19.082000 2.200000 68.000000 61.000000 43.000000
0.503000 19.108000 2.242000 70.000000 62.000000 43.000000
0.543000 19.080000 2.199000 68.000000 61.000000 43.000000
0.547000 19.074000 2.192000 68.000000 61.000000 43.000000
0.545000 19.066000 2.183000 68.000000 61.000000 43.000000
0.482000 19.057000 2.194000 68.000000 61.000000 43.000000
0.517000 19.100000 2.229000 70.000000 62.000000 43.000000
0.502000 19.063000 2.194000 68.000000 61.000000 43.000000
0.487000 19.065000 2.201000 68.000000 61.000000 43.000000
0.509000 19.100000 2.231000 70.000000 62.000000 43.000000
0.526000 19.073000 2.197000 68.000000 61.000000 43.000000
0.542000 19.079000 2.198000 68.000000 61.000000 43.000000
0.557000 19.072000 2.185000 68.000000 61.000000 43.000000
0.480000 19.077000 2.216000 70.000000 62.000000 43.000000
0.569000 19.070000 2.180000 69.000000 60.000000 43.000000
0.501000 19.077000 2.210000 68.000000 61.000000 42.000000
0.538000 19.064000 2.183000 68.000000 61.000000 43.000000
0.492000 19.103000 2.240000 71.000000 63.000000 44.000000
0.497000 19.087000 2.221000 70.000000 62.000000 43.000000
0.484000 19.066000 2.203000 68.000000 61.000000 43.000000
0.478000 19.080000 2.220000 70.000000 62.000000 43.000000
0.486000 19.106000 2.245000 71.000000 63.000000 44.000000
0.502000 19.081000 2.214000 70.000000 62.000000 43.000000
0.489000 19.100000 2.238000 71.000000 63.000000 44.000000
0.533000 19.084000 2.207000 68.000000 61.000000 43.000000
0.508000 19.099000 2.231000 70.000000 62.000000 43.000000
0.516000 19.080000 2.207000 68.000000 61.000000 43.000000
0.488000 19.097000 2.235000 71.000000 63.000000 44.000000
0.548000 19.071000 2.187000 68.000000 61.000000 43.000000
0.472000 19.074000 2.216000 70.000000 62.000000 43.000000
0.505000 19.073000 2.203000 68.000000 61.000000 43.000000
0.538000 19.073000 2.193000 68.000000 61.000000 43.000000
0.436000 19.073000 2.225000 68.000000 61.000000 43.000000
0.475000 19.098000 2.240000 71.000000 63.000000 44.000000
0.456000 19.080000 2.226000 69.000000 62.000000 44.000000
0.458000 19.061000 2.205000 68.000000 61.000000 43.000000
0.448000 19.046000 2.193000 69.000000 60.000000 43.000000
0.436000 19.074000 2.226000 68.000000 61.000000 43.000000
0.474000 19.096000 2.238000 71.000000 63.000000 44.000000
0.476000 19.108000 2.251000 72.000000 64.000000 45.000000
0.443000 19.079000 2.229000 68.000000 61.000000 43.000000
0.481000 19.105000 2.246000 72.000000 64.000000 45.000000
0.442000 19.076000 2.227000 68.000000 61.000000 43.000000
0.461000 19.079000 2.224000 69.000000 62.000000 44.000000
0.455000 19.047000 2.191000 69.000000 60.000000 43.000000
0.441000 19.082000 2.232000 70.000000 62.000000 43.000000
0.467000 19.090000 2.234000 70.000000 62.000000 43.000000
0.457000 19.061000 2.206000 68.000000 61.000000 43.000000
0.469000 19.095000 2.238000 71.000000 63.000000 44.000000
0.466000 19.090000 2.234000 71.000000 63.000000 44.000000
0.437000 19.073000 2.224000 68.000000 61.000000 43.000000
0.459000 19.081000 2.227000 69.000000 62.000000 44.000000
0.451000 19.083000 2.232000 70.000000 62.000000 43.000000
0.448000 19.056000 2.204000 68.000000 61.000000 43.000000
0.437000 19.066000 2.217000 68.000000 61.000000 43.000000
0.431000 19.071000 2.224000 68.000000 61.000000 43.000000
0.445000 19.063000 2.211000 68.000000 61.000000 43.000000
0.451000 19.076000 2.224000 69.000000 62.000000 44.000000
0.468000 19.092000 2.236000 71.000000 63.000000 44.000000
0.444000 19.075000 2.225000 68.000000 61.000000 43.000000
